company_code,year,quarter,total_assets,total_liabilities,equity,shares_outstanding,revenue,net_profit,bvps,roa,roe,eps,pe,sector_kind,symbol,gross_profit
90,2022,2,0.0,0.0,0.0,1064181553.0,0.0,0.0,0.0,,,0.0,0.0,general,APU,0.0
90,2022,4,842134424000.0,208557180000.0,603414176000.0,1064181553.0,850239813500.0,125897562000.0,567.0,14.9498,20.8642,118.3046,12.6031,general,APU,372027035000.0
90,2023,2,778431840150.0,169978389443.0,608453450707.0,1064181553.0,346040371438.0,74218409082.0,572.0,9.5343,12.1979,69.7422,18.3103,general,APU,104065387995.0
90,2023,4,782638887643.0,138056426530.0,644582461113.0,1064181553.0,759196509234.0,154545477651.0,606.0,19.7467,23.9761,145.2247,8.3388,general,APU,242911485086.0
90,2024,2,830136302729.0,118158772412.0,711977530317.0,1064181553.0,412752615074.0,114219057536.0,669.0,13.7591,16.0425,107.3304,9.1673,general,APU,159083479510.0
90,2024,4,835176285869.0,72112707659.0,763063578210.0,1064181553.0,881973865929.0,223803217293.0,717.0,26.7971,29.3296,210.3055,4.7597,general,APU,333021665423.0
90,2025,2,876217889814.0,76494548031.0,799723341783.0,1064181553.0,412230860804.0,105896037808.0,751.0,12.0856,13.2416,99.5094,9.7295,general,APU,151665786702.0
90,2025,4,888723849706.0,49807411007.0,838916438699.0,1064181553.0,853020950690.0,214365566001.0,788.0,24.1206,25.5527,201.437,4.8501,general,APU,326672345095.0
90,2026,2,1177996111864.0,299714441304.0,878281670561.0,1064181553.0,667120808328.0,104799375558.0,825.0,8.8964,11.9323,98.4789,9.8419,general,APU,282567432198.0
557,2022,1,0.0,0.0,0.0,1114252034.0,0.0,0.0,0.0,,,0.0,0.0,general,CUMN,0.0
557,2022,2,0.0,0.0,0.0,1114252034.0,0.0,0.0,0.0,,,0.0,0.0,general,CUMN,0.0
557,2022,4,161893395100.0,138963257500.0,22930137600.0,1114252034.0,261722622200.0,0.0,21.0,0.0,0.0,0.0,0.0,general,CUMN,0.0
557,2023,2,170201394670.0,166077207472.0,4124187198.0,1114252034.0,167518584342.0,0.0,4.0,0.0,0.0,0.0,0.0,general,CUMN,0.0
557,2023,4,189541913744.0,199559126701.0,0.0,1114252034.0,391659417333.0,0.0,0.0,0.0,,0.0,0.0,general,CUMN,0.0
557,2024,2,231603689722.0,170198981051.0,61404708671.0,1114252034.0,253851881992.0,9836169490.0,55.0,4.247,16.0186,8.8276,21.8633,general,CUMN,26360626698.0
557,2024,4,255804158828.0,181459563894.0,75179021939.0,1114252034.0,567886472252.0,23610482758.0,67.0,9.2299,31.4057,21.1895,9.8402,general,CUMN,63716316120.0
557,2025,1,0.0,0.0,0.0,1114252034.0,0.0,0.0,0.0,,,0.0,0.0,general,CUMN,0.0
557,2025,2,304756405998.0,219590728787.0,85165677211.0,1114252034.0,334702404389.0,10997539008.0,76.0,3.6086,12.9131,9.8699,21.0469,general,CUMN,35050209490.0
557,2025,3,408529481333.0,277407131338.0,131122349995.0,1114252034.0,587084313969.0,26392184094.0,118.0,6.4603,20.1279,23.686,7.8527,general,CUMN,82020263899.0
557,2025,4,438332883384.0,324106490489.0,114226392894.0,1114252034.0,796417296616.0,27163997052.0,103.0,6.1971,23.7808,24.3787,13.0015,general,CUMN,105838189670.0
557,2026,2,487076140331.0,373029494928.0,114046645403.0,1114252034.0,430750390901.0,6689752609.0,102.0,1.3735,5.8658,6.0038,44.2569,general,CUMN,53831766481.0
562,2022,4,8984559532200.0,8122653769700.0,861905762500.0,808657306.0,609909165500.0,116502048200.0,1066.0,1.2967,13.5168,144.0685,8.843,bank,GLMT,
562,2023,2,9187496885307.0,8341161899440.0,846334985866.0,808657306.0,448841183721.0,78235659915.0,1047.0,0.8515,9.2441,96.7476,9.4029,bank,GLMT,
562,2023,4,11627844235462.0,10556753512722.0,1071090722740.0,808657306.0,966457398459.0,209171044977.0,1325.0,1.7989,19.5288,258.6646,3.5055,bank,GLMT,
562,2024,2,12271661282485.0,11135276984115.0,1136384298369.0,808657306.0,580080339988.0,273137584308.0,1405.0,2.2258,24.0357,337.7668,2.8211,bank,GLMT,
562,2024,4,15596959552012.0,14166593491478.0,1430366060535.0,808657306.0,1299724538631.0,418753681079.0,1769.0,2.6848,29.276,517.8382,2.3984,bank,GLMT,
562,2025,1,15416397876076.0,0.0,1387423818069.0,808657306.0,389318665629.0,117461912110.0,1716.0,0.7619,8.4662,145.2555,7.1873,bank,GLMT,
562,2025,2,14942618014222.0,13513156267584.0,1429461746639.0,808657306.0,790667061081.0,215204621872.0,1768.0,1.4402,15.0549,266.1259,3.8516,bank,GLMT,
562,2025,3,15560978594310.0,0.0,1465590584747.0,808657306.0,1194901257420.0,251344647981.0,1812.0,1.6152,17.1497,310.8173,3.4007,bank,GLMT,
562,2025,4,19017385893182.0,17457880922652.0,1559504970529.0,808657306.0,1638466597783.0,345109310087.0,1929.0,1.8147,22.1294,426.7683,3.1211,bank,GLMT,
562,2026,2,19859767531212.0,18128252912132.0,1731514619079.0,808657306.0,850240558025.0,134245980313.0,2141.0,0.676,7.7531,166.011,6.9574,bank,GLMT,
354,2022,1,0.0,0.0,0.0,780112500.0,0.0,0.0,0.0,,,0.0,0.0,general,GOV,0.0
354,2022,2,0.0,0.0,0.0,780112500.0,0.0,0.0,0.0,,,0.0,0.0,general,GOV,0.0
354,2022,3,0.0,0.0,0.0,780112500.0,0.0,0.0,0.0,,,0.0,0.0,general,GOV,0.0
354,2022,4,364830052800.0,281628359100.0,83201693700.0,780112500.0,167960356500.0,9173026800.0,107.0,2.5143,11.025,11.7586,21.1182,general,GOV,69731519300.0
354,2023,1,0.0,0.0,0.0,780112500.0,0.0,0.0,0.0,,,0.0,0.0,general,GOV,0.0
354,2023,2,435490746652.0,357673054535.0,77817692117.0,780112500.0,70874742021.0,0.0,100.0,0.0,0.0,0.0,0.0,general,GOV,30445386361.0
354,2023,3,0.0,0.0,0.0,780112500.0,0.0,0.0,0.0,,,0.0,0.0,general,GOV,0.0
354,2023,4,399341983129.0,304000344299.0,95341638830.0,780112500.0,232194288874.0,12139945124.0,122.0,3.04,12.7331,15.5618,17.5809,general,GOV,98381097943.0
354,2024,1,337394946561947.0,339831980036168.0,337394946561737.0,780112500.0,35588196696188.0,0.0,432495.0,0.0,0.0,0.0,0.0,general,GOV,0.0
354,2024,2,451213828063.0,366669413030.0,84544415033.0,780112500.0,68108933392.0,0.0,108.0,0.0,0.0,0.0,0.0,general,GOV,28966865033.0
354,2024,3,0.0,0.0,0.0,780112500.0,0.0,0.0,0.0,,,0.0,0.0,general,GOV,0.0
354,2024,4,410696906187.0,303478797084.0,107218109102.0,780112500.0,216869211025.0,105687232.0,137.0,0.0257,0.0986,0.1355,1904.3835,general,GOV,90573592580.0
354,2025,1,0.0,0.0,0.0,780112500.0,0.0,0.0,0.0,,,0.0,0.0,general,GOV,0.0
354,2025,2,484518884384.0,388766920588.0,95751963796.0,780112500.0,79282565511.0,0.0,123.0,0.0,0.0,0.0,0.0,general,GOV,34555618556.0
354,2025,3,0.0,0.0,0.0,780112500.0,0.0,0.0,0.0,,,0.0,0.0,general,GOV,0.0
354,2025,4,302248500340.0,324404626775.0,-22156126435.0,780112500.0,246187537458.0,203324807.0,-28.0,0.0673,-0.9177,0.2606,860.3211,general,GOV,118285656979.0
354,2026,2,406986929000.0,434855098707.0,-27868169707.0,780112500.0,84147667053.0,-7183111309.0,-36.0,-1.7649,25.7753,-9.2078,-24.11,general,GOV,40902060033.0
563,2022,4,14952713346400.0,13437347279400.0,1515366067000.0,1912198000.0,1396478537500.0,448772198900.0,792.0,3.0013,29.6148,234.6892,,bank,KHAN,
563,2023,2,16020420963295.0,14224878141912.0,1795542821383.0,1912198000.0,945614351704.0,272033352841.0,939.0,1.698,15.1505,142.2621,7.8728,bank,KHAN,
563,2023,4,17350642072350.0,15258906713973.0,2091735358376.0,1912198000.0,2052185427491.0,558782869011.0,1094.0,3.2205,26.7138,292.2202,4.1202,bank,KHAN,
563,2024,2,20185938223366.0,18067608164928.0,2118330058438.0,1912198000.0,1209997947021.0,290440612548.0,1108.0,1.4388,13.7108,151.8884,6.676,bank,KHAN,
563,2024,4,20302724608108.0,17838066360762.0,2464658247345.0,1912198000.0,2553680935642.0,638514456614.0,1289.0,3.145,25.9068,333.9165,3.5578,bank,KHAN,
563,2025,1,19813213583996.0,0.0,2638796189708.0,1912198000.0,676302936007.0,178360841507.0,1380.0,0.9002,6.7592,93.2753,13.9158,bank,KHAN,
563,2025,2,21402235921352.0,18961947310054.0,2440288611297.0,1912198000.0,1374151698706.0,353720003208.0,1276.0,1.6527,14.495,184.9808,5.7736,bank,KHAN,
563,2025,3,21927484085195.0,0.0,2658988822876.0,1912198000.0,2135154036809.0,529116177246.0,1391.0,2.413,19.8992,276.7057,4.5969,bank,KHAN,
563,2025,4,23942309277143.0,21117469470024.0,2824839807119.0,1912198000.0,2936655663559.0,694847217071.0,1477.0,2.9022,24.5978,363.3762,3.7977,bank,KHAN,
563,2026,2,28082661655086.0,25306278412134.0,2776383242952.0,1912198000.0,1714903632591.0,357207155657.0,1452.0,1.272,12.8659,186.8045,7.7621,bank,KHAN,
545,2022,2,0.0,0.0,0.0,800000000.0,0.0,0.0,0.0,0.0,,0.0,0.0,nbfi,LEND,
545,2022,4,0.0,0.0,18491649100.0,800000000.0,0.0,553032400.0,23.0,8.3885,26.76,8.0796,3.8232,nbfi,LEND,
545,2023,2,0.0,0.0,25519098996.0,800000000.0,0.0,89319916.0,32.0,11.0607,33.2818,12.9722,3.1452,nbfi,LEND,
545,2023,4,0.0,0.0,36677725918.0,800000000.0,0.0,149139191.0,46.0,18.7445,59.092,31.2746,1.7254,nbfi,LEND,
545,2024,2,208779700738.0,146760287043.0,62019413694.0,800000000.0,39212789888.0,16967839069.0,78.0,,8.1271,21.2098,4.7134,nbfi,LEND,
545,2024,4,256174921573.0,0.0,73978967430.0,800000000.0,88860651332.0,37553201705.0,92.0,,14.6592,46.9415,3.2594,nbfi,LEND,
545,2025,2,295214787989.0,213414433523.0,81800354466.0,800000000.0,61376368484.0,20248103453.0,102.0,,6.8588,25.3101,5.5314,nbfi,LEND,
545,2025,4,346515953244.0,0.0,101697506476.0,800000000.0,135388570448.0,40145255463.0,127.0,,11.5854,50.1816,3.4351,nbfi,LEND,
545,2026,2,385854899549.0,277967641568.0,107887257981.0,800000000.0,77257615837.0,18388229275.0,135.0,,4.7656,22.9853,6.7021,nbfi,LEND,
510,2022,2,5168965500.0,93553800.0,0.0,350463539.0,1615642400.0,0.0,0.0,0.0,,0.0,,general,MSE,
510,2022,4,25481700700.0,1989503700.0,23492197000.0,350463539.0,4241344900.0,646228200.0,67.0,2.536,2.7508,1.8439,,general,MSE,
510,2023,2,98099884911.0,60553945287.0,37545939624.0,350463539.0,5008723222.0,2089464203.0,107.0,2.1299,5.5651,5.962,24.1664,general,MSE,
510,2023,3,0.0,0.0,0.0,350463539.0,0.0,0.0,0.0,,,0.0,0.0,general,MSE,
510,2023,4,927294910630.0,883215099843.0,44079810788.0,350463539.0,12147031304.0,9307716037.0,126.0,1.0037,21.1156,26.5583,4.4043,general,MSE,
510,2024,1,0.0,0.0,0.0,350463539.0,0.0,0.0,0.0,,,0.0,0.0,general,MSE,
510,2024,2,1083729569754.0,1026153110959.0,57576458795.0,350463539.0,8647360986.0,17845862408.0,164.0,1.6467,30.9951,50.9207,6.0785,general,MSE,
510,2024,3,1054547912837.0,989110301708.0,0.0,350463539.0,10584198811.0,25707014742.0,0.0,2.4377,,73.3515,5.0479,general,MSE,
510,2024,4,843687789333.0,769778376449.0,73909412884.0,350463539.0,13521664120.0,34176682263.0,211.0,4.0509,46.2413,97.5185,3.6305,general,MSE,
510,2025,1,0.0,0.0,0.0,350463539.0,0.0,0.0,0.0,,,0.0,0.0,general,MSE,
510,2025,2,854561504652.0,784338141809.0,70223362843.0,350463539.0,3212172739.0,12040290524.0,200.0,1.4089,17.1457,34.3553,7.7275,general,MSE,
510,2025,3,1200524570489.0,1121202713991.0,0.0,350463539.0,6634321224.0,21138784178.0,0.0,1.7608,,60.3166,4.8385,general,MSE,
510,2025,4,1284780153571.0,1194775682772.0,90004470800.0,350463539.0,10744739532.0,31821398480.0,257.0,2.4768,35.3554,90.798,3.4366,general,MSE,
510,2026,2,1474883337373.0,1377114770830.0,97768566543.0,350463539.0,7643244930.0,22988231878.0,279.0,1.5586,23.5129,65.5938,5.6147,general,MSE,
570,2022,4,1598510900.0,22982400.0,1575528500.0,184889160.0,0.0,0.0,9.0,0.0,0.0,0.0,,general,QPAY,0.0
570,2023,2,2037187717.0,41124977.0,1996062740.0,184889160.0,0.0,0.0,11.0,0.0,0.0,0.0,,general,QPAY,0.0
570,2023,4,7599049482.0,103478104.0,7495571378.0,184889160.0,0.0,0.0,41.0,0.0,0.0,0.0,0.0,general,QPAY,0.0
570,2024,2,8058503423.0,64927580.0,7993575843.0,184889160.0,0.0,4497156996.0,43.0,55.8064,56.2596,24.3235,9.4559,general,QPAY,0.0
570,2024,4,11846270310.0,3737068757.0,8109201553.0,184889160.0,0.0,12008349106.0,44.0,101.3682,148.083,64.9489,3.3112,general,QPAY,0.0
570,2025,1,25986896718.0,7052905366.0,18933991352.0,184889160.0,7535407195.0,3654074811.0,102.0,14.0612,19.299,19.7636,10.575,general,QPAY,4420764865.0
570,2025,2,8303537457.0,305207617.0,7998329840.0,184889160.0,0.0,0.0,43.0,0.0,0.0,0.0,0.0,general,QPAY,0.0
570,2025,3,0.0,0.0,0.0,184889160.0,0.0,0.0,0.0,,,0.0,0.0,general,QPAY,0.0
570,2025,4,34199564544.0,3230776969.0,30968787576.0,184889160.0,38125353448.0,13439200705.0,167.0,39.2964,43.396,72.6879,3.1917,general,QPAY,18149217330.0
570,2026,2,33048439776.0,3742300199.0,29306139577.0,184889160.0,24921697131.0,7581810001.0,159.0,22.9415,25.8711,41.0073,6.6525,general,QPAY,11163826519.0
135,2022,2,90137452500.0,55365178500.0,34772274000.0,344000000.0,53351042200.0,0.0,101.0,0.0,0.0,0.0,0.0,general,SUU,3162750800.0
135,2022,4,87828123900.0,50365858900.0,37462265000.0,344000000.0,108774221200.0,8335979900.0,109.0,9.4912,22.2517,24.2325,19.5296,general,SUU,29871851400.0
135,2023,2,91652583114.0,45001780270.0,46650802844.0,344000000.0,73522235886.0,8858189067.0,136.0,9.665,18.9883,25.7505,15.1923,general,SUU,21294108024.0
135,2023,4,121243586838.0,73015590115.0,49966325791.0,344000000.0,147793352846.0,15639297302.0,145.0,12.8991,31.2997,45.4631,7.6042,general,SUU,45248035453.0
135,2024,1,0.0,0.0,0.0,344000000.0,0.0,0.0,0.0,,,0.0,0.0,general,SUU,0.0
135,2024,2,131221409589.0,72864809741.0,58356599848.0,344000000.0,95981599133.0,12166182007.0,170.0,9.2715,20.848,35.3668,11.2326,general,SUU,30372351061.0
135,2024,3,0.0,0.0,0.0,344000000.0,0.0,0.0,0.0,,,0.0,0.0,general,SUU,0.0
135,2024,4,157145853624.0,96837070853.0,60377147152.0,344000000.0,192399370626.0,17823930175.0,176.0,11.3423,29.521,51.8138,8.4993,general,SUU,57549662354.0
135,2025,2,167044885689.0,100491217567.0,66553668122.0,344000000.0,115031155557.0,6890638420.0,193.0,4.125,10.3535,20.0309,33.947,general,SUU,33775035171.0
135,2025,3,176840444213200.0,109639525442830.0,67200918770370.0,344000000.0,164671472348580.0,9596682010860.0,195352.0,5.4267,14.2806,27897.3314,0.0208,general,SUU,47971066115230.0
135,2025,4,201662215861.0,131400626364.0,70261589497.0,344000000.0,221437853419.0,12682468127.0,204.0,6.289,18.0504,36.8676,16.8931,general,SUU,65709738293.0
135,2026,2,207121400771.0,129272336268.0,77849064503.0,344000000.0,131119952086.0,9441106244.0,226.0,4.5582,12.1274,27.4451,22.9043,general,SUU,38810566347.0
458,2022,2,0.0,0.0,0.0,52665200.0,0.0,0.0,0.0,,,0.0,0.0,general,TTL,0.0
458,2022,4,457092612600.0,138145450100.0,318947162500.0,52665200.0,765561741500.0,326180138300.0,6056.0,71.3597,102.2678,6193.4662,1.3086,general,TTL,407656215200.0
458,2023,2,386700013850.0,121138004063.0,265562009787.0,52665200.0,36083562200.0,12439544027.0,5042.0,3.2168,4.6842,236.2005,47.4597,general,TTL,18263850750.0
458,2023,4,861370834992.0,452443814852.0,408927020140.0,52665200.0,1094131211393.0,375859454119.0,7765.0,43.635,91.9136,7136.7707,2.4955,general,TTL,877657534142.0
458,2024,2,706463574421.0,210611027813.0,495852546608.0,52665200.0,518468562912.0,213249791144.0,9415.0,30.1855,43.0067,4049.1594,6.6878,general,TTL,275158262433.0
458,2024,4,834607425173.0,315158760408.0,519448664765.0,52665200.0,1162659567952.0,416535611271.0,9863.0,49.908,80.188,7909.1243,4.3014,general,TTL,578611642682.0
458,2025,2,546348555545.0,345494740977.0,200853814568.0,52665200.0,198085515130.0,64157190920.0,3814.0,11.7429,31.9422,1218.2084,21.8846,general,TTL,83855051528.0
458,2025,4,618111893460.0,330620252048.0,287491641413.0,52665200.0,727400236143.0,182980165995.0,5459.0,29.6031,63.6471,3474.4037,9.0548,general,TTL,253804850663.0
458,2026,2,1254072166689.0,642927459874.0,611144706815.0,52665200.0,1399503157719.0,488272872452.0,11604.0,38.935,79.8948,9271.2621,3.4558,general,TTL,661881776682.0
549,2022,2,54416500000.0,20951705400.0,33464794600.0,200000000.0,21125042300.0,0.0,167.0,0.0,0.0,0.0,0.0,general,TUM,3734310100.0
549,2022,4,52423507900.0,15530905700.0,36892602200.0,200000000.0,45955857800.0,7162444700.0,184.0,13.6627,19.4143,35.8122,9.786,general,TUM,13730788800.0
549,2023,2,65771852051.0,25261662891.0,40510189159.0,200000000.0,29691906102.0,5757586963.0,203.0,8.7539,14.2127,28.7879,11.6354,general,TUM,9696634565.0
549,2023,4,68310904592.0,22149552530.0,46161352062.0,200000000.0,62772265003.0,11408763702.0,231.0,16.7012,24.715,57.0438,5.7954,general,TUM,21090663634.0
549,2024,2,82870411083.0,31789363508.0,51081047576.0,200000000.0,38626568209.0,8338039399.0,255.0,10.0615,16.3232,41.6902,7.9342,general,TUM,13870564310.0
549,2024,4,92142087081.0,37288686532.0,54853400549.0,200000000.0,83387790242.0,17193892194.0,274.0,18.6602,31.3452,85.9695,4.4938,general,TUM,28380528373.0
549,2025,2,104738416323.0,42428541972.0,62309874352.0,200000000.0,35052159923.0,5659153115.0,312.0,5.4031,9.0823,28.2958,12.546,general,TUM,11776807536.0
549,2025,4,119983452766.0,51419263524.0,68950055343.0,200000000.0,97587097408.0,14244219737.0,345.0,11.8718,20.6588,71.2211,5.1646,general,TUM,30030247510.0
549,2026,2,125184244406.0,50030218326.0,75154026080.0,200000000.0,68026674612.0,10917821072.0,376.0,8.7214,14.5273,54.5891,6.8832,general,TUM,20786410716.0
568,2022,4,3930780303400.0,3455092643600.0,475687659800.0,1052700000.0,375306477600.0,105838586200.0,452.0,2.6926,22.2496,100.5401,,bank,XAC,
568,2023,2,4251043903977.0,3709556869524.0,541487034453.0,1052700000.0,240360178377.0,62181793791.0,514.0,1.4627,11.4835,59.0689,10.8287,bank,XAC,
568,2023,3,0.0,0.0,0.0,1052700000.0,383041877670.0,0.0,0.0,,,0.0,0.0,bank,XAC,
568,2023,4,5119421640821.0,4497358903307.0,622062737514.0,1052700000.0,534681934898.0,142058644862.0,591.0,2.7749,22.8367,134.9469,4.6609,bank,XAC,
568,2024,1,0.0,0.0,0.0,1052700000.0,338301768519.0,0.0,0.0,,,0.0,0.0,bank,XAC,
568,2024,2,5629647110137.0,4965162261845.0,664484848292.0,1052700000.0,338301768519.0,85280721082.0,631.0,1.5149,12.8341,81.0114,8.7294,bank,XAC,
568,2024,3,0.0,0.0,0.0,1052700000.0,522057261044.0,0.0,0.0,,,0.0,0.0,bank,XAC,
568,2024,4,6321793719051.0,5590190964290.0,731602754761.0,1052700000.0,709149105871.0,171680288381.0,695.0,2.7157,23.4663,163.0857,5.0648,bank,XAC,
568,2025,1,0.0,0.0,0.0,1052700000.0,197176303330.0,0.0,0.0,,,0.0,0.0,bank,XAC,
568,2025,2,6754851207755.0,5966632260865.0,788218946890.0,1052700000.0,406040128171.0,85941993866.0,749.0,1.2723,10.9033,81.6396,10.4101,bank,XAC,
568,2025,3,0.0,0.0,0.0,1052700000.0,622367681926.0,0.0,0.0,,,0.0,0.0,bank,XAC,
568,2025,4,6861892677597.0,6006962968851.0,854929708746.0,1052700000.0,846535859928.0,172596184257.0,812.0,2.5153,20.1883,163.9557,5.8788,bank,XAC,
568,2026,2,7508104489001.0,6596839531532.0,911264957469.0,1052700000.0,449476374754.0,88235493585.0,866.0,1.1752,9.6827,83.8183,15.0922,bank,XAC,
