date,title,url,symbol,kind,dps
2017-02-16,“АПУ” ХК 2016 ОНЫ ЖИЛИЙН ЭЦСИЙН ТАЙЛАНГАА ИРҮҮЛЛЭЭ,https://mse.mn/news/4021,APU,бусад,
2017-02-22,“АПУ” ХК НОГДОЛ АШИГ ТАРААХААР БОЛЛОО,https://mse.mn/news/4049,APU,ногдол ашиг,
2017-07-16,"""АПУ"" ХК-ИЙН ХУВЬЦАА ЭЗЭМШИГЧДИЙН АНХААРАЛД",https://mse.mn/news/4395,APU,бусад,
2017-08-23,"""АПУ"" ХК-ИЙН ХУВЬЦАА ЭЗЭМШИГЧДИЙН АНХААРАЛД",https://mse.mn/news/4513,APU,бусад,
2017-08-28,"""АПУ"" ХК БОЛОН ""ГОВЬ"" ХК 2017 ОНЫ ЭХНИЙ ХАГАС ЖИЛИЙН ТАЙЛАНГАА ТАНИЛЦУУЛНА",https://mse.mn/news/4528,APU,бусад,
2017-09-01,“АПУ” ХК ХАГАС ЖИЛИЙН ТАЙЛАНГАА ТАНИЛЦУУЛЛАА,https://mse.mn/news/4543,APU,бусад,
2017-12-20,“АПУ” ХК-ИЙН ХУВЬЦАА ЭЗЭМШИГЧДИЙН АНХААРАЛД,https://mse.mn/news/4846,APU,бусад,
2018-02-20,"“АПУ"" ХК НОГДОЛ АШИГ ТАРААХААР БОЛЛОО",https://mse.mn/news/5026,APU,ногдол ашиг,
2018-08-07,"МОНГОЛЫН ХӨРӨНГИЙН БИРЖИЙН БҮРТГЭЛТЭЙ КОМПАНИУД 2018 ОНЫ ЭХНИЙ ХАГАС ЖИЛИЙН САНХҮҮ, ҮЙЛ АЖИЛЛАГААНЫ ТАЙЛАНГАА ТАНИЛЦУУЛНА",https://mse.mn/news/5523,APU,бусад,
2018-08-08,"“АПУ” ХК 2018 ОНЫ ЭХНИЙ ХАГАС ЖИЛИЙН САНХҮҮ, ҮЙЛ АЖИЛЛАГААНЫ ТАЙЛАНГАА ТАНИЛЦУУЛЛАА",https://mse.mn/news/5535,APU,бусад,
2019-02-20,"“АПУ"" ХК НОГДОЛ АШИГ ТАРААХААР БОЛЛОО",https://mse.mn/news/6122,APU,ногдол ашиг,
2019-08-07,"“АПУ” ХК 2019 ОНЫ ЭХНИЙ ХАГАС ЖИЛИЙН САНХҮҮ, ҮЙЛ АЖИЛЛАГААНЫ ТАЙЛАНГАА ТАНИЛЦУУЛЛАА",https://mse.mn/news/6602,APU,бусад,
2020-02-17,“АПУ” ХК НОГДОЛ АШИГ ТАРААХААР БОЛЛОО,https://mse.mn/news/7126,APU,ногдол ашиг,
2020-04-07,“АПУ” ХК-ИЙН ХУВЬЦАА ЭЗЭМШИГЧДИЙН ХУРАЛ ЦАХИМ ХЭЛБЭРЭЭР ЗОХИОН БАЙГУУЛАГДАНА,https://mse.mn/news/7323,APU,хувьцаа эзэмшигчдийн хурал,
2020-08-18,"""АПУ"" ХК-ИЙН ХУВЬЦАА ЭЗЭМШИГЧДИЙН ЭЭЛЖИТ БУС ХУРАЛ БОЛНО",https://mse.mn/news/7733,APU,хувьцаа эзэмшигчдийн хурал,
2020-08-18,“АПУ” ХК ХАГАС ЖИЛИЙН ЦЭВЭР АШГААС НОГДОЛ АШИГ ХУВААРИЛНА,https://mse.mn/news/7731,APU,ногдол ашиг,
2021-01-25,МОНГОЛЫН ХӨРӨНГИЙН БИРЖИЙН ТОП 20 ИНДЕКСИЙН БАГЦ ШИНЭЧЛЭГДЛЭЭ,https://mse.mn/news/8168,APU,бусад,
2021-02-16,“АПУ” ХК НОГДОЛ АШИГ ТАРААХААР БОЛЛОО,https://mse.mn/news/8256,APU,ногдол ашиг,
2021-07-30,ХӨРӨНГИЙН ЗАХ ЗЭЭЛИЙН ТҮҮХЭНД 1 ИХ НАЯД ТӨГРӨГИЙН ЗАХ ЗЭЭЛИЙН ҮНЭЛГЭЭТЭЙ АНХНЫ КОМПАНИ ТӨРЛӨӨ,https://mse.mn/news/8742,APU,бусад,
2021-08-03,"“АПУ” ХК 2021 ОНЫ ЭХНИЙ ХАГАС ЖИЛИЙН САНХҮҮ, ҮЙЛ АЖИЛЛАГААНЫ ТАЙЛАНГАА ТАНИЛЦУУЛЛАА",https://mse.mn/news/8751,APU,бусад,
2021-08-09,"""АПУ"" ХК НЭГ ИХ НАЯД ТӨГРӨГИЙН ЗАХ ЗЭЭЛИЙН ҮНЭЛГЭЭТЭЙ АНХНЫ КОМПАНИ БОЛСОНТОЙ ХОЛБОГДУУЛАН ХҮНДЭТГЭЛИЙН ЦАН ЦОХИХ ЁСЛОЛ БОЛЛОО",https://mse.mn/news/8774,APU,бусад,
2021-08-16,“АПУ” ХК ХАГАС ЖИЛИЙН ЦЭВЭР АШГААС НОГДОЛ АШИГ ХУВААРИЛНА,https://mse.mn/news/8800,APU,ногдол ашиг,
2022-02-18,"""АПУ"" ХК НОГДОЛ АШИГ ТАРААХААР БОЛЛОО",https://mse.mn/news/9375,APU,ногдол ашиг,
2022-08-05,"""АПУ"" ХК НОГДОЛ АШИГ ТАРААХААР БОЛЛОО",https://mse.mn/news/9897,APU,ногдол ашиг,
2022-08-10,"“АПУ” ХК 2022 ОНЫ ЭХНИЙ ХАГАС ЖИЛИЙН ҮЙЛ АЖИЛЛАГАА, САНХҮҮГИЙН ТАЙЛАНГАА ТАНИЛЦУУЛЛАА",https://mse.mn/news/9923,APU,бусад,
2023-02-13,"""АПУ"" ХК НОГДОЛ АШИГ ТАРААХААР БОЛЛОО",https://mse.mn/news/10560,APU,ногдол ашиг,
2023-08-16,“АПУ” ХК 2023 ОНЫ ЭХНИЙ ХАГАС ЖИЛИЙН ҮЙЛ АЖИЛЛАГААНЫ ТАЙЛАНГАА ТАНИЛЦУУЛЛАА,https://mse.mn/news/11235,APU,бусад,
2024-01-15,МОНГОЛЫН ХӨРӨНГИЙН БИРЖИЙН ТОП 20 ИНДЕКСИЙН БАГЦ ШИНЭЧЛЭГДЛЭЭ,https://mse.mn/news/11730,APU,бусад,
2024-02-19,“АПУ” ХК 2023 ОНЫ СҮҮЛИЙН ХАГАС ЖИЛИЙН ЭЦСИЙН ЦЭВЭР АШГААС НОГДОЛ АШИГ ХУВААРИЛНА,https://mse.mn/news/11880,APU,ногдол ашиг,
2024-08-02,"""АПУ"" ХК 2024 ОНЫ ЭХНИЙ ХАГАС ЖИЛИЙН ЦЭВЭР АШГААС НОГДОЛ АШИГ ХУВААРИЛНА",https://mse.mn/news/12473,APU,ногдол ашиг,
2024-08-02,БҮРТГЭЛТЭЙ КОМПАНИУД ХАГАС ЖИЛИЙН ТАЙЛАНГАА ОЛОН НИЙТЭД НЭЭЛТТЭЙ ТАНИЛЦУУЛНА,https://mse.mn/news/12472,APU,бусад,
2024-08-08,“АПУ” ХК 2024 ОНЫ ЭХНИЙ ХАГАС ЖИЛИЙН ҮЙЛ АЖИЛЛАГААНЫ ТАЙЛАНГАА ОЛОН НИЙТЭД НЭЭЛТТЭЙ ТАНИЛЦУУЛЛАА,https://mse.mn/news/12493,APU,бусад,
2025-02-11,“АПУ” ХК 2024 ОНЫ ХОЁРДУГААР ХАГАС ЖИЛИЙН ЦЭВЭР АШГААС НОГДОЛ АШИГ ХУВААРИЛНА,https://mse.mn/news/13108,APU,ногдол ашиг,
2025-07-08,"БИРЖИД БҮРТГЭЛТЭЙ 28 КОМПАНИ БАЙГАЛЬ ОРЧИН, НИЙГЭМ, ЗАСАГЛАЛ (БОНЗ), ТОГТВОРТОЙ БАЙДЛЫН ТАЙЛАГНАЛАА ОЛОН НИЙТЭД МЭДЭЭЛСЭН БАЙНА",https://mse.mn/news/13628,APU,бусад,
2025-07-31,“АПУ” ХК 2025 ОНЫ ЭХНИЙ ХАГАС ЖИЛИЙН ЦЭВЭР АШГААС НОГДОЛ АШИГ ХУВААРИЛНА,https://mse.mn/news/13680,APU,ногдол ашиг,
2025-08-05,“АПУ” ХК 2025 ОНЫ ХАГАС ЖИЛИЙН ҮЙЛ АЖИЛЛАГААНЫ ТАЙЛАНГАА ОЛОН НИЙТЭД ТАНИЛЦУУЛЛАА,https://mse.mn/news/13703,APU,бусад,
2026-08-19,"“АПУ"" ХК 2026 ОНЫ ЭХНИЙ ХАГАС ЖИЛИЙН САНХҮҮГИЙН ҮР ДҮНГ ХАРГАЛЗАЖ НОГДОЛ АШИГ ХУВААРИЛНА",https://mse.mn/news/14900,APU,ногдол ашиг,
2026-08-31,“АПУ” ХК-ИЙН ТӨЛӨӨЛӨЛ БИРЖИД ЗОЧИЛЛОО,https://mse.mn/news/14949,APU,бусад,
2021-11-12,"""CЭНТРАЛ ЭКСПРЕСС СИ ВИ ЭС"" ХК-ИЙН ХОЁРДОГЧ ЗАХ ЗЭЭЛИЙН АРИЛЖАА 2021.11.15-НЫ ӨДРӨӨС ЭХЭЛНЭ",https://mse.mn/news/9065,CUMN,бусад,
2021-11-15,"""СЭНТРАЛ ЭКСПРЕСС СИ ВИ ЭС"" ХК-ИЙН ХОЁРДОГЧ ЗАХ ЗЭЭЛИЙН АРИЛЖААНЫ НЭЭЛТИЙН ЁСЛОЛ БОЛЛОО",https://mse.mn/news/9072,CUMN,бусад,
2021-11-22,"""СЭНТРАЛ ЭКСПРЕСС СИ ВИ ЭС"" ХК-ИЙН ХУВЬЦАА ЭЗЭМШИГЧДИЙН АНХААРАЛД",https://mse.mn/news/9101,CUMN,бусад,
2021-12-20,"""СЭНТРАЛ ЭКСПРЕСС СИ ВИ ЭС"" ХК-ИЙН ХУВЬЦАА ЭЗЭМШИГЧДИЙН ЭЭЛЖИТ БУС ХУРАЛ БОЛНО",https://mse.mn/news/9196,CUMN,хувьцаа эзэмшигчдийн хурал,
2021-12-27,"""СЭНТРАЛ ЭКСПРЕСС СИ ВИ ЭС"" ХК ПЕТРОВИС ГРУППТЭЙ ХАМТРАН САЛБАРЫН ТООГОО НЭМЭГДҮҮЛНЭ",https://mse.mn/news/9212,CUMN,бусад,
2022-03-23,"“СЭНТРАЛ ЭКСПРЕСС СИ ВИ ЭС” ХК 2021 ОНЫ САНХҮҮ, ҮЙЛ АЖИЛЛАГААНЫ ТАЙЛАНГАА ТАНИЛЦУУЛЛАА",https://mse.mn/news/9500,CUMN,бусад,
2022-04-19,"“СЭНТРАЛ ЭКСПРЕСС СИ ВИ ЭС” ХК 2022 ОНЫ I УЛИРЛЫН ҮЙЛ АЖИЛЛАГАА, САНХҮҮГИЙН ТАЙЛАНГАА ТАНИЛЦУУЛЛАА",https://mse.mn/news/9565,CUMN,бусад,
2022-05-05,"""СЭНТРАЛ ЭКСПРЕСС СИ ВИ ЭС"" ХК-ИЙН ҮНЭТ ЦААСЫГ БҮРТГЭЛИЙН АНГИЛАЛ АХИУЛЛАА",https://mse.mn/news/9616,CUMN,бусад,
2022-07-26,"“СЭНТРАЛ ЭКСПРЕСС СИ ВИ ЭС” ХК 2022 ОНЫ II УЛИРЛЫН ҮЙЛ АЖИЛЛАГАА, САНХҮҮГИЙН ТАЙЛАНГАА ТАНИЛЦУУЛЛАА",https://mse.mn/news/9862,CUMN,бусад,
2022-08-16,"“СЭНТРАЛ ЭКСПРЕСС СИ ВИ ЭС” ХК 2022 ОНЫ ЭХНИЙ ХАГАС ЖИЛИЙН ҮЙЛ АЖИЛЛАГАА, САНХҮҮГИЙН ТАЙЛАНГАА ТАНИЛЦУУЛЛАА",https://mse.mn/news/9947,CUMN,бусад,
2024-01-15,МОНГОЛЫН ХӨРӨНГИЙН БИРЖИЙН ТОП 20 ИНДЕКСИЙН БАГЦ ШИНЭЧЛЭГДЛЭЭ,https://mse.mn/news/11730,CUMN,бусад,
2024-02-29,"""СЭНТРАЛ ЭКСПРЕСС СИ ВИ ЭС"" ХК-ИЙН ОНООСОН НЭРИЙГ ""ПРЕМИУМ НЭКСУС"" ХК БОЛГОН ӨӨРЧИЛЛӨӨ",https://mse.mn/news/11970,CUMN,бусад,
2024-03-04,"""ПРЕМИУМ НЭКСУС"" ХК 2023 ОНЫ САНХҮҮ, ҮЙЛ АЖИЛЛАГААНЫ ГҮЙЦЭТГЭЛИЙН ТАНИЛЦУУЛГА",https://mse.mn/news/11983,CUMN,бусад,
2024-04-24,"""ПРЕМИУМ НЭКСУС"" ХК 2024 ОНЫ I УЛИРЛЫН ҮЙЛ АЖИЛЛАГАА, САНХҮҮГИЙН ТАЙЛАНГАА ТАНИЛЦУУЛЛАА",https://mse.mn/news/12167,CUMN,бусад,
2024-07-04,"""ПРЕМИУМ НЭКСУС"" ХК-ИЙН МЭДЭГДЭЛ",https://mse.mn/news/12409,CUMN,бусад,
2024-08-02,БҮРТГЭЛТЭЙ КОМПАНИУД ХАГАС ЖИЛИЙН ТАЙЛАНГАА ОЛОН НИЙТЭД НЭЭЛТТЭЙ ТАНИЛЦУУЛНА,https://mse.mn/news/12472,CUMN,бусад,
2024-08-05,“ПРЕМИУМ НЭКСУС” ХК 2024 ОНЫ ЭХНИЙ ХАГАС ЖИЛИЙН ҮЙЛ АЖИЛЛАГААНЫ ТАЙЛАНГАА ОЛОН НИЙТЭД НЭЭЛТТЭЙ ТАНИЛЦУУЛЛАА,https://mse.mn/news/12479,CUMN,бусад,
2025-02-24,"""ПРЕМИУМ НЭКСУС"" ХК АШИГТ АЖИЛЛАГААНЫ МЭДЭГДЭЛ ИРҮҮЛЛЭЭ",https://mse.mn/news/13226,CUMN,бусад,
2025-03-07,“ПРЕМИУМ НЭКСУС” ХК 2024 ОНЫ ҮЙЛ АЖИЛЛАГААНЫ ТАЙЛАНГАА ОЛОН НИЙТЭД ТАНИЛЦУУЛЛАА,https://mse.mn/news/13257,CUMN,бусад,
2025-07-08,"БИРЖИД БҮРТГЭЛТЭЙ 28 КОМПАНИ БАЙГАЛЬ ОРЧИН, НИЙГЭМ, ЗАСАГЛАЛ (БОНЗ), ТОГТВОРТОЙ БАЙДЛЫН ТАЙЛАГНАЛАА ОЛОН НИЙТЭД МЭДЭЭЛСЭН БАЙНА",https://mse.mn/news/13628,CUMN,бусад,
2025-07-31,"“ПРЕМИУМ НЭКСУС” ХК 2025 ОНЫ ЭХНИЙ ХАГАС ЖИЛИЙН САНХҮҮ, ҮЙЛ АЖИЛЛАГААНЫ ТАЙЛАНГАА ОЛОН НИЙТЭД ТАНИЛЦУУЛЛАА",https://mse.mn/news/13677,CUMN,бусад,
2022-12-27,"""ГОЛОМТ БАНК"" ХК-ИЙН ХУВЬЦАА ЭЗЭМШИГЧДИЙН ЭЭЛЖИТ БУС ХУРАЛ БОЛНО",https://mse.mn/news/10402,GLMT,хувьцаа эзэмшигчдийн хурал,
2023-02-17,"""ГОЛОМТ БАНК"" ХК НОГДОЛ АШИГ ТАРААХААР БОЛЛОО",https://mse.mn/news/10581,GLMT,ногдол ашиг,
2023-04-28,"""ГОЛОМТ БАНК"" ХК ОЛОН НИЙТЭЭС ТАТАН ТӨВЛӨРҮҮЛСЭН ХӨРӨНГИЙН ЗАРЦУУЛАЛТЫН ТАЙЛАНГАА ТАНИЛЦУУЛЛАА",https://mse.mn/news/10858,GLMT,бусад,
2023-07-19,"“ГОЛОМТ БАНК"" ХК ОЛОН НИЙТЭЭС ТАТАН ТӨВЛӨРҮҮЛСЭН ХӨРӨНГИЙН ЗАРЦУУЛАЛТЫН ТАЙЛАНГАА ТАНИЛЦУУЛЖ БАЙНА",https://mse.mn/news/11132,GLMT,бусад,
2023-08-23,“ГОЛОМТ БАНК” ХК 2023 ОНЫ ЭХНИЙ ХАГАС ЖИЛИЙН ҮЙЛ АЖИЛЛАГААНЫ ТАЙЛАНГАА ТАНИЛЦУУЛЛАА,https://mse.mn/news/11270,GLMT,бусад,
2024-01-15,"""ГОЛОМТ БАНК"" ХК ОЛОН НИЙТЭЭС ТАТАН ТӨВЛӨРҮҮЛСЭН ХӨРӨНГИЙН ЗАРЦУУЛАЛТЫН ТАЙЛАНГАА ТАНИЛЦУУЛЛАА",https://mse.mn/news/11726,GLMT,бусад,
2024-01-15,МОНГОЛЫН ХӨРӨНГИЙН БИРЖИЙН ТОП 20 ИНДЕКСИЙН БАГЦ ШИНЭЧЛЭГДЛЭЭ,https://mse.mn/news/11730,GLMT,бусад,
2024-02-16,“ГОЛОМТ БАНК” ХК 2023 ОНЫ ҮЙЛ АЖИЛЛАГААНЫ АШГААС НОГДОЛ АШИГ ХУВААРИЛНА,https://mse.mn/news/11862,GLMT,ногдол ашиг,
2024-08-02,БҮРТГЭЛТЭЙ КОМПАНИУД ХАГАС ЖИЛИЙН ТАЙЛАНГАА ОЛОН НИЙТЭД НЭЭЛТТЭЙ ТАНИЛЦУУЛНА,https://mse.mn/news/12472,GLMT,бусад,
2025-02-18,"""ГОЛОМТ БАНК” ХК 2024 ОНЫ ҮЙЛ АЖИЛЛАГААНЫ АШГААС НОГДОЛ АШИГ ХУВААРИЛНА",https://mse.mn/news/13154,GLMT,ногдол ашиг,
2025-07-08,"БИРЖИД БҮРТГЭЛТЭЙ 28 КОМПАНИ БАЙГАЛЬ ОРЧИН, НИЙГЭМ, ЗАСАГЛАЛ (БОНЗ), ТОГТВОРТОЙ БАЙДЛЫН ТАЙЛАГНАЛАА ОЛОН НИЙТЭД МЭДЭЭЛСЭН БАЙНА",https://mse.mn/news/13628,GLMT,бусад,
2025-12-24,"""ГОЛОМТ БАНК"" ХК ЯПОН УЛСЫН ХӨРӨНГИЙН ЗАХ ЗЭЭЛД ""САМУРАЙ"" БОНД ГАРГАЛАА",https://mse.mn/news/14125,GLMT,бусад,
2026-02-13,"""ГОЛОМТ БАНК"" ХК 2025 ОНЫ ҮЙЛ АЖИЛЛАГААНЫ АШГААС НОГДОЛ АШИГ ХУВААРИЛНА",https://mse.mn/news/14278,GLMT,ногдол ашиг,
2017-02-14,“ГОВЬ” ХК НОГДОЛ АШИГ ТАРААХААР БОЛЛОО,https://mse.mn/news/4010,GOV,ногдол ашиг,
2017-03-03,“ГОВЬ” ХК 2016 ОНЫ ЖИЛИЙН ЭЦСИЙН ТАЙЛАНГАА ИРҮҮЛЛЭЭ,https://mse.mn/news/4071,GOV,бусад,
2017-06-16,"""ГОВЬ"" ХК-ИЙН ТӨЛӨӨЛӨН УДИРДАХ ЗӨВЛӨЛИЙН МЭДЭГДЭЛ",https://mse.mn/news/4326,GOV,бусад,
2017-06-28,"""ГОВЬ"" ХК-ИЙН ТӨЛӨӨЛӨН УДИРДАХ ЗӨВЛӨЛИЙН МЭДЭГДЭЛ",https://mse.mn/news/4359,GOV,бусад,
2017-07-06,"""ГОВЬ"" ХУВЬЦААТ КОМПАНИЙН ХУВЬЦАА ЭЗЭМШИГЧДИЙН АНХААРАЛД",https://mse.mn/news/4384,GOV,бусад,
2017-08-30,“ГОВЬ” ХК ХАГАС ЖИЛИЙН ТАЙЛАНГАА ТАНИЛЦУУЛЛАА,https://mse.mn/news/4538,GOV,бусад,
2017-12-28,ГОВЬ ХУВЬЦААТ КОМПАНИЙН ХУВЬЦАА ЭЗЭМШИГЧДИЙН АНХААРАЛД,https://mse.mn/news/4869,GOV,бусад,
2018-02-02,“ГОВЬ” ХК-ИЙН ХУВЬЦАА ЭЗЭМШИГЧДИЙН АНХААРАЛД,https://mse.mn/news/4958,GOV,бусад,
2018-08-07,"МОНГОЛЫН ХӨРӨНГИЙН БИРЖИЙН БҮРТГЭЛТЭЙ КОМПАНИУД 2018 ОНЫ ЭХНИЙ ХАГАС ЖИЛИЙН САНХҮҮ, ҮЙЛ АЖИЛЛАГААНЫ ТАЙЛАНГАА ТАНИЛЦУУЛНА",https://mse.mn/news/5523,GOV,бусад,
2018-08-08,"""ГОВЬ"" ХК БОЛОН ""СҮҮ"" ХК 2018 ОНЫ ЭХНИЙ ХАГАС ЖИЛИЙН ТАЙЛАНГАА ТАНИЛЦУУЛНА",https://mse.mn/news/5536,GOV,бусад,
2018-08-09,"“ГОВЬ” ХК 2018 ОНЫ ЭХНИЙ ХАГАС ЖИЛИЙН САНХҮҮ, ҮЙЛ АЖИЛЛАГААНЫ ТАЙЛАНГАА ТАНИЛЦУУЛЛАА",https://mse.mn/news/5542,GOV,бусад,
2018-08-30,"""ГОВЬ"" ХК-ИЙН ХУВЬЦАА ЭЗЭМШИГЧДИЙН АНХААРАЛД",https://mse.mn/news/5601,GOV,бусад,
2018-10-09,"""ГОВЬ"" ХК-ИЙН ХУВЬЦАА ЭЗЭМШИГЧДИЙН ЭЭЛЖИТ БУС ХУРЛААР ХУВЬЦАА ХУВААХ ТУХАЙ ШИЙДВЭРИЙГ БАТАЛЛАА",https://mse.mn/news/5740,GOV,хувьцаа эзэмшигчдийн хурал,
2018-12-03,"""ГОВЬ"" ХК-ИЙН ҮНЭТ ЦААСНЫ АРИЛЖААГ ТҮР ЗОГСООЛОО",https://mse.mn/news/5884,GOV,бусад,
2018-12-13,"""ГОВЬ"" ХК-ИЙН АРИЛЖААГ СЭРГЭЭХЭЭР БОЛЛОО",https://mse.mn/news/5915,GOV,бусад,
2018-12-31,“ГОВЬ” ХУВЬЦААТ КОМПАНИЙН ХУВЬЦАА ЭЗЭМШИГЧДИЙН АНХААРАЛД,https://mse.mn/news/5967,GOV,бусад,
2019-02-14,“ГОВЬ” ХК НОГДОЛ АШИГ ХУВААРИЛАХААР ШИЙДВЭРЛЭЛЭЭ,https://mse.mn/news/6094,GOV,ногдол ашиг,
2019-02-14,“ГОВЬ” ХК-ИЙН ХУВЬЦАА ЭЗЭМШИГЧДИЙН АНХААРАЛД,https://mse.mn/news/6093,GOV,бусад,
2019-08-09,“ГОВЬ” ХК ХАГАС ЖИЛИЙН ТАЙЛАНГАА ТАНИЛЦУУЛЛАА,https://mse.mn/news/6618,GOV,бусад,
2020-01-07,“ГОВЬ” ХУВЬЦААТ КОМПАНИЙН ХУВЬЦАА ЭЗЭМШИГЧДИЙН АНХААРАЛД,https://mse.mn/news/7001,GOV,бусад,
2020-04-03,"""ГОВЬ"" ХК-ИЙН ХУВЬЦАА ЭЗЭМШИГЧДИЙН ХУРАЛ ЦАХИМ ХЭЛБЭРЭЭР ЗОХИОН БАЙГУУЛАГДАНА",https://mse.mn/news/7313,GOV,хувьцаа эзэмшигчдийн хурал,
2020-08-06,"""ГОВЬ"" ХК 2020 ОНЫ ЭХНИЙ ХАГАС ЖИЛИЙН ТАЙЛАНГАА ТАНИЛЦУУЛЛАА",https://mse.mn/news/7682,GOV,бусад,
2020-08-13,"""ГОВЬ"" ХК 2019 ОНЫ КОМПАНИЙН ЗАСАГЛАЛЫН ТАЙЛАН ИРҮҮЛЛЭЭ",https://mse.mn/news/7714,GOV,бусад,
2021-01-25,МОНГОЛЫН ХӨРӨНГИЙН БИРЖИЙН ТОП 20 ИНДЕКСИЙН БАГЦ ШИНЭЧЛЭГДЛЭЭ,https://mse.mn/news/8168,GOV,бусад,
2021-06-29,"""ГОВЬ"" ХК 1500 АЖИЛТНАА ХУВЬЦААГААР УРАМШУУЛАХ ХӨТӨЛБӨРИЙГ ЭХЛҮҮЛЛЭЭ",https://mse.mn/news/8659,GOV,бусад,
2021-08-04,"""ГОВЬ"" ХК 2021 ОНЫ ЭХНИЙ ХАГАС ЖИЛИЙН ТАЙЛАНГАА ТАНИЛЦУУЛЛАА",https://mse.mn/news/8757,GOV,бусад,
2021-10-29,“ГОВЬ” ХУВЬЦААТ КОМПАНИЙН ХУВЬЦАА ЭЗЭМШИГЧДИЙН АНХААРАЛД,https://mse.mn/news/9017,GOV,бусад,
2022-08-04,"“ГОВЬ” ХК 2022 ОНЫ ЭХНИЙ ХАГАС ЖИЛИЙН ҮЙЛ АЖИЛЛАГАА, САНХҮҮГИЙН ТАЙЛАНГАА ТАНИЛЦУУЛЛАА",https://mse.mn/news/9891,GOV,бусад,
2023-09-27,"""ГОВЬ"" ХК-ИЙН ХУВЬЦАА ЭЗЭМШИГЧДИЙН АНХААРАЛД",https://mse.mn/news/11379,GOV,бусад,
2024-01-15,МОНГОЛЫН ХӨРӨНГИЙН БИРЖИЙН ТОП 20 ИНДЕКСИЙН БАГЦ ШИНЭЧЛЭГДЛЭЭ,https://mse.mn/news/11730,GOV,бусад,
2024-04-23,"""ГОВЬ"" ХК-ИЙН ХУВЬЦААГ ЭРГҮҮЛЭН ХУДАЛДАЖ АВАХЫГ ШААРДАХ ЭРХИЙГ ХЭРЭГЖҮҮЛЭХЭЭР ШИЙДВЭРЛЭЛЭЭ",https://mse.mn/news/12162,GOV,бусад,
2024-05-27,“ГОВЬ” ХК-ИЙН ХУВЬЦААГ ҮҮРГЭЭ ХЭРЭГЖҮҮЛЭХ ҮНДСЭН ДЭЭР ХУДАЛДАН АВАХ САНАЛ ГАРГАЛАА,https://mse.mn/news/12276,GOV,бусад,
2024-06-11,“ГОВЬ” ХК-ИЙН ХУВЬЦААГ ҮҮРГЭЭ ХЭРЭГЖҮҮЛЭХ ҮНДСЭН ДЭЭР ХУДАЛДАН АВАХ САНАЛ ГАРГАЛАА,https://mse.mn/news/12327,GOV,бусад,
2024-06-27,"""ГОВЬ"" ХК-ИЙН ТЕНДЕР АРИЛЖАА ЯВАГДЛАА",https://mse.mn/news/12388,GOV,бусад,
2025-07-08,"БИРЖИД БҮРТГЭЛТЭЙ 28 КОМПАНИ БАЙГАЛЬ ОРЧИН, НИЙГЭМ, ЗАСАГЛАЛ (БОНЗ), ТОГТВОРТОЙ БАЙДЛЫН ТАЙЛАГНАЛАА ОЛОН НИЙТЭД МЭДЭЭЛСЭН БАЙНА",https://mse.mn/news/13628,GOV,бусад,
2025-10-27,“ГОВЬ” ХК-ИЙН ХУВЬЦААНЫ АРИЛЖАА ХЭВИЙН ҮРГЭЛЖИЛЖ БАЙНА,https://mse.mn/news/13967,GOV,бусад,
2023-05-19,ХААН БАНК ХХК ХУВЬЦАА ЭЗЭМШИГЧДИЙН ЭЭЛЖИТ БУС ХУРАЛ ЗАРЛАЛАА,https://mse.mn/news/10931,KHAN,хувьцаа эзэмшигчдийн хурал,
2023-07-17,ХААН БАНК ОЛОН НИЙТЭЭС ТАТАН ТӨВЛӨРҮҮЛСЭН ХӨРӨНГИЙН ЗАРЦУУЛАЛТЫН ТАЙЛАНГАА ТАНИЛЦУУЛЖ БАЙНА,https://mse.mn/news/11120,KHAN,бусад,
2023-08-11,“ХААН БАНК” ХК 2023 ОНЫ ЭХНИЙ ХАГАС ЖИЛИЙН ҮЙЛ АЖИЛЛАГААНЫ ТАЙЛАНГАА ТАНИЛЦУУЛЛАА,https://mse.mn/news/11213,KHAN,бусад,
2023-10-19,"""ХААН БАНК"" ХК ОЛОН НИЙТЭЭС ТАТАН ТӨВЛӨРҮҮЛСЭН ХӨРӨНГИЙН ЗАРЦУУЛАЛТЫН ТАЙЛАНГАА ТАНИЛЦУУЛЖ БАЙНА",https://mse.mn/news/11454,KHAN,бусад,
2023-12-15,"""НОГООН БОНД"" ӨРИЙН ХЭРЭГСЛИЙН ХОЁРДОГЧ ЗАХ ЗЭЭЛИЙН АРИЛЖААГ ЭХЛҮҮЛЛЭЭ",https://mse.mn/news/11642,KHAN,бусад,
2024-01-15,МОНГОЛЫН ХӨРӨНГИЙН БИРЖИЙН ТОП 20 ИНДЕКСИЙН БАГЦ ШИНЭЧЛЭГДЛЭЭ,https://mse.mn/news/11730,KHAN,бусад,
2024-01-16,"""ХААН БАНК"" ХК ОЛОН НИЙТЭЭС ТАТАН ТӨВЛӨРҮҮЛСЭН ХӨРӨНГИЙН ЗАРЦУУЛАЛТЫН ТАЙЛАНГАА ТАНИЛЦУУЛЖ БАЙНА",https://mse.mn/news/11733,KHAN,бусад,
2024-02-16,“ХААН БАНК” ХК 2023 ОНЫ ЦЭВЭР АШГААС НОГДОЛ АШИГ ХУВААРИЛНА,https://mse.mn/news/11874,KHAN,ногдол ашиг,
2024-04-15,"""ХААН БАНК"" ХК ОЛОН НИЙТЭЭС ТАТАН ТӨВЛӨРҮҮЛСЭН ХӨРӨНГИЙН ЗАРЦУУЛАЛТЫН ТАЙЛАНГАА ТАНИЛЦУУЛЖ БАЙНА",https://mse.mn/news/12138,KHAN,бусад,
2024-07-18,"""ХААН БАНК"" ХК ОЛОН НИЙТЭЭС ТАТАН ТӨВЛӨРҮҮЛСЭН ХӨРӨНГИЙН ЗАРЦУУЛАЛТЫН ТАЙЛАНГАА ТАНИЛЦУУЛЖ БАЙНА",https://mse.mn/news/12432,KHAN,бусад,
2024-08-02,БҮРТГЭЛТЭЙ КОМПАНИУД ХАГАС ЖИЛИЙН ТАЙЛАНГАА ОЛОН НИЙТЭД НЭЭЛТТЭЙ ТАНИЛЦУУЛНА,https://mse.mn/news/12472,KHAN,бусад,
2025-01-30,"""ХААН БАНК"" ХК ОЛОН НИЙТЭЭС ТАТАН ТӨВЛӨРҮҮЛСЭН ХӨРӨНГИЙН ЗАРЦУУЛАЛТЫН ТАЙЛАНГАА ТАНИЛЦУУЛЖ БАЙНА",https://mse.mn/news/13065,KHAN,бусад,
2025-02-14,“ХААН БАНК” ХК 2024 ОНЫ ЦЭВЭР АШГААС НОГДОЛ АШИГ ХУВААРИЛНА,https://mse.mn/news/13144,KHAN,ногдол ашиг,
2025-02-24,"“ХААН БАНК” ХК 2024 ОНЫ ЖИЛИЙН ЭЦСИЙН САНХҮҮ, ҮЙЛ АЖИЛЛАГААНЫ ТАЙЛАНГАА ОЛОН НИЙТЭД ТАНИЛЦУУЛЛАА",https://mse.mn/news/13211,KHAN,бусад,
2025-07-08,"БИРЖИД БҮРТГЭЛТЭЙ 28 КОМПАНИ БАЙГАЛЬ ОРЧИН, НИЙГЭМ, ЗАСАГЛАЛ (БОНЗ), ТОГТВОРТОЙ БАЙДЛЫН ТАЙЛАГНАЛАА ОЛОН НИЙТЭД МЭДЭЭЛСЭН БАЙНА",https://mse.mn/news/13628,KHAN,бусад,
2025-07-09,"""ЖЕНДЭР БОНД” ӨРИЙН ХЭРЭГСЛИЙН ХОЁРДОГЧ ЗАХ ЗЭЭЛИЙН АРИЛЖААГ ЭХЛҮҮЛЛЭЭ",https://mse.mn/news/13633,KHAN,бусад,
2025-08-01,"“ХААН БАНК” ХК 2025 ОНЫ ЭХНИЙ ХАГАС ЖИЛИЙН САНХҮҮ, ҮЙЛ АЖИЛЛАГААНЫ ТАЙЛАНГАА ТАНИЛЦУУЛЛАА",https://mse.mn/news/13691,KHAN,бусад,
2025-10-17,МОНГОЛЫН ХӨРӨНГИЙН БИРЖИД БҮРТГЭЛТЭЙ ХУВЬЦААТ КОМПАНИУДААС “ХААН БАНК” ХК НЬ АНХ УДАА ОЛОН УЛСЫН FRONTIER MID БОЛОН LARGE/ MID АНГИЛАЛД БАГТЛАА,https://mse.mn/news/13933,KHAN,бусад,
2025-10-23,БОНД ГАРГАГЧ КОМПАНИУДЫН III УЛИРЛЫН ТАЙЛАНГ ТАНИЛЦУУЛЖ БАЙНА,https://mse.mn/news/13955,KHAN,бусад,
2025-10-28,"""ХААН БАНК"" ХК FTSE RUSSELL ФРОНТИЕР ИНДЕКСЭД БАГТСАН МОНГОЛЫН АНХНЫ КОМПАНИ БОЛЛОО",https://mse.mn/news/13970,KHAN,бусад,
2026-02-23,"""ХААН БАНК"" ХК 2025 ОНЫ ТАТВАРЫН ДАРААХ ЦЭВЭР АШГААС НОГДОЛ АШИГ ХУВААРИЛНА",https://mse.mn/news/14323,KHAN,ногдол ашиг,
2026-09-23,"ХААН БАНКНЫ ЗАХ ЗЭЭЛИЙН ҮНЭЛГЭЭ 1 ТЭРБУМ АМ.ДОЛЛАРЫГ ДАВЖ, МОНГОЛЫН ХӨРӨНГИЙН ЗАХ ЗЭЭЛД ШИНЭ БОСГО ТОГТООЛОО",https://mse.mn/news/15069,KHAN,бусад,
2018-02-08,"""ЛЭНДМН ББСБ"" ХХК НЭЭЛТТЭЙ ХУВЬЦААТ КОМПАНИ БОЛЛОО",https://mse.mn/news/4971,LEND,бусад,
2018-02-09,“ЛЭНДМН ББСБ” ХК ЗАХ ЗЭЭЛИЙН МЭРГЭЖЛИЙН ОРОЛЦОГЧ НАРТ ҮНЭТ ЦААСНЫ ТАНИЛЦУУЛГА ХИЙЛЭЭ.,https://mse.mn/news/4981,LEND,бусад,
2018-02-14,"""ЛЭНДМН ББСБ"" ХК-ИЙН АНХДАГЧ ЗАХ ЗЭЭЛИЙН ЗАХИАЛГА АВАХ МЭДЭЭЛЭЛ",https://mse.mn/news/4994,LEND,бусад,
2018-02-21,"“ЛЭНДМН ББСБ” ХК-ИЙН АНХДАГЧ ЗАХ ЗЭЭЛИЙН АРИЛЖААНЫ ЗАХИАЛГЫН НЭЭЛТ, ЦАН ЦОХИХ ЁСЛОЛ БОЛЛОО",https://mse.mn/news/5030,LEND,бусад,
2018-03-07,“ЛЕНДМН ББСБ” ХК-ИЙН АНХДАГЧ ЗАХ ЗЭЭЛИЙН АРИЛЖААНЫ ЗАХИАЛГА НИЙЛҮҮЛТЭЭСЭЭ 16.5 ДАХИН ДАВЖ ХААГДЛАА,https://mse.mn/news/5075,LEND,бусад,
2018-03-13,“ЛЭНДМН ББСБ” ХК-ИЙН ХОЁРДОГЧ ЗАХ ЗЭЭЛИЙН АРИЛЖАА 2018.03.14-НД ЭХЭЛНЭ,https://mse.mn/news/5092,LEND,бусад,
2018-03-16,БАГЦЫН АРИЛЖААНЫ ТУХАЙ ТОДРУУЛГА,https://mse.mn/news/5103,LEND,бусад,
2018-04-10,“ЛЭНДМН ББСБ” ХК НЬ ХУВЬЦААГАА ЭРГҮҮЛЭН ХУДАЛДАЖ АВАХ АСУУДЛЫГ ХУВЬЦАА ЭЗЭМШИГЧДИЙН ЭЭЛЖИТ БУС ХУРЛААР ХЭЛЭЛЦЭХ АСУУДЛЫН ЖАГСААЛТААС ХАСЛАА,https://mse.mn/news/5172,LEND,хувьцаа эзэмшигчдийн хурал,
2018-09-05,ҮНЭТ ЦААСНЫ БҮРТГЭЛИЙН АНГИЛАЛ ШИНЭЧЛЭГДЛЭЭ,https://mse.mn/news/5645,LEND,бусад,
2019-01-14,"""ТОП-20"" ИНДЕКСИЙН САГС ШИНЭЧЛЭГДЛЭЭ",https://mse.mn/news/6001,LEND,бусад,
2019-02-28,"""ЛЭНДМН ББСБ"" ХК-ИЙН ҮНЭТ ЦААСЫГ БҮРТГЭЛИЙН АНГИЛАЛ АХИУЛЛАА",https://mse.mn/news/6163,LEND,бусад,
2019-08-16,"""ЛЭНДМН ББСБ” ХК 2019 ОНЫ ЭХНИЙ ХАГАС ЖИЛИЙН САНХҮҮ, ҮЙЛ АЖИЛЛАГААНЫ ТАЙЛАНГАА ТАНИЛЦУУЛЛАА",https://mse.mn/news/6646,LEND,бусад,
2019-08-20,"""ЛЭНДМН ББСБ” ХК 2019 ОНЫ ЭХНИЙ ХАГАС ЖИЛИЙН САНХҮҮ, ҮЙЛ АЖИЛЛАГААНЫ ТАЙЛАНГАА ТАНИЛЦУУЛЛАА",https://mse.mn/news/6655,LEND,бусад,
2019-08-26,"""ЛЭНДМН ББСБ"" ХК-ИЙН ГҮЙЦЭТГЭХ ЗАХИРЛААР О.БОЛДБААТАР ТОМИЛОГДЛОО",https://mse.mn/news/6685,LEND,бусад,
2020-01-10,“ЛЭНДМН ББСБ” ХК-ИАС МЭДЭГДЭЛ ИРҮҮЛЛЭЭ,https://mse.mn/news/7010,LEND,бусад,
2020-02-14,“ЛЭНДМН ББСБ” ХК НОГДОЛ АШИГ ТАРААХААР БОЛЛОО,https://mse.mn/news/7112,LEND,ногдол ашиг,
2020-02-27,“ЛЭНДМН ББСБ” ХК-ААС ИРҮҮЛСЭН МЭДЭГДЭЛ,https://mse.mn/news/7200,LEND,бусад,
2020-03-23,“ЛЭНДМН ББСБ” ХК-ИЙН ХУВЬЦАА ЭЗЭМШИГЧДИЙН ХУРАЛ ЦАХИМ ХЭЛБЭРЭЭР ЯВАГДАНА,https://mse.mn/news/7277,LEND,хувьцаа эзэмшигчдийн хурал,
2020-06-12,"""ЛЭНД БОНД""-ЫГ ОЛОН НИЙТЭД НЭЭЛТТЭЙ АРИЛЖААЛАХААР БОЛЛОО",https://mse.mn/news/7515,LEND,бусад,
2020-06-12,"""ЛЭНД БОНД""-ЫН  АНХДАГЧ ЗАХ ЗЭЭЛИЙН ХУВААРИЛАЛТЫН ТӨЛӨВЛӨГӨӨ",https://mse.mn/news/7517,LEND,бусад,
2020-06-15,"""ЛЭНД БОНД""-ИЙН АНХДАГЧ ЗАХ ЗЭЭЛИЙН ЗАХИАЛГЫГ НЭЭЖ ЦАН ЦОХИХ ЁСЛОЛ БОЛЛОО",https://mse.mn/news/7523,LEND,бусад,
2020-06-19,"""ЛЭНДМН БОНД”  МОНГОЛЫН ХӨРӨНГИЙН БИРЖЭЭР АМЖИЛТТАЙ АРИЛЖИГДЛАА",https://mse.mn/news/7541,LEND,бусад,
2020-08-10,"""ЛЭНДМН ББСБ” ХК 2020 ОНЫ ЭХНИЙ ХАГАС ЖИЛИЙН САНХҮҮ, ҮЙЛ АЖИЛЛАГААНЫ ТАЙЛАНГАА ТАНИЛЦУУЛЛАА",https://mse.mn/news/7698,LEND,бусад,
2020-12-24,"""ЛЭНДМН ББСБ"" ХК НИЙТ ГАРГАСАН ХУВЬЦААНЫ  5 ХҮРТЭЛХ ХУВИЙГ ХАЛААСЛАХААР ШИЙДВЭРЛЭСЭН БАЙНА",https://mse.mn/news/8082,LEND,бусад,
2021-01-25,МОНГОЛЫН ХӨРӨНГИЙН БИРЖИЙН ТОП 20 ИНДЕКСИЙН БАГЦ ШИНЭЧЛЭГДЛЭЭ,https://mse.mn/news/8168,LEND,бусад,
2021-02-09,“ЛЭНДМН ББСБ” ХК НОГДОЛ АШИГ ТАРААХААР БОЛЛОО,https://mse.mn/news/8206,LEND,ногдол ашиг,
2021-04-26,"""ЛЭНДМН ББСБ"" ХК НИЙТ ГАРГАСАН ХУВЬЦААНЫ 5 ХҮРТЭЛХ ХУВИЙГ ДАХИН ХАЛААСЛАХААР ШИЙДВЭРЛЭСЭН БАЙНА",https://mse.mn/news/8492,LEND,бусад,
2021-06-23,“ЛЭНД БОНД”-ЫН ЭРГЭН ТӨЛӨЛТ ХИЙГДЛЭЭ,https://mse.mn/news/8641,LEND,бусад,
2021-06-24,"""ЛЭНД БОНД"" ОЛОН НИЙТЭД НЭЭЛТТЭЙ АРИЛЖААЛАГДАНА",https://mse.mn/news/8649,LEND,бусад,
2021-06-25,"""ЛЭНД БОНД""-ЫН АНХДАГЧ ЗАХ ЗЭЭЛИЙН ЗАХИАЛГЫН НЭЭЛТИЙН ЁСЛОЛ БОЛЛОО",https://mse.mn/news/8652,LEND,бусад,
2021-06-30,"""ЛЭНДМН БОНД”  МОНГОЛЫН ХӨРӨНГИЙН БИРЖЭЭР АМЖИЛТТАЙ АРИЛЖИГДЛАА",https://mse.mn/news/8667,LEND,бусад,
2021-07-02,"""ЛЭНД БОНД""-ЫН АНХДАГЧ ЗАХ ЗЭЭЛИЙН АРИЛЖААГ АМЖИЛТТАЙ БОЛСОНД ТООЦЛОО",https://mse.mn/news/8672,LEND,бусад,
2021-08-03,"""ЛЭНДМН ББСБ” ХК 2021 ОНЫ ЭХНИЙ ХАГАС ЖИЛИЙН САНХҮҮ, ҮЙЛ АЖИЛЛАГААНЫ ТАЙЛАНГАА ТАНИЛЦУУЛЛАА",https://mse.mn/news/8753,LEND,бусад,
2021-11-25,"""ЛЭНД БОНД""-ЫГ ОЛОН НИЙТЭД НЭЭЛТТЭЙ АРИЛЖААЛАХААР БОЛЛОО",https://mse.mn/news/9119,LEND,бусад,
2021-11-29,"""ЛЭНДМН БОНД”  МОНГОЛЫН ХӨРӨНГИЙН БИРЖЭЭР АМЖИЛТТАЙ АРИЛЖИГДЛАА",https://mse.mn/news/9128,LEND,бусад,
2021-12-02,"""ЛЭНД БОНД""-ЫН ХОЁРДОГЧ ЗАХ ЗЭЭЛИЙН АРИЛЖААГ НЭЭЛЭЭ",https://mse.mn/news/9139,LEND,бусад,
2022-02-09,"""ЛЭНДМН ББСБ"" ХК НОГДОЛ АШИГ ТАРААХААР БОЛЛОО",https://mse.mn/news/9331,LEND,ногдол ашиг,
2022-03-25,"""ЛЭНД БОНД""-ЫН 2-Р ТРАНЧИЙН АНХДАГЧ ЗАХ ЗЭЭЛИЙН АРИЛЖАА ЭХЭЛЛЭЭ",https://mse.mn/news/9511,LEND,бусад,
2022-03-31,"""ЛЭНДМН БОНД” МОНГОЛЫН ХӨРӨНГИЙН БИРЖЭЭР АМЖИЛТТАЙ АРИЛЖИГДЛАА",https://mse.mn/news/9527,LEND,бусад,
2022-04-04,"""ЛЭНД ББСБ"" ХК-ИЙН ХОЁРДОГЧ ЗАХ ЗЭЭЛИЙН АРИЛЖААГ НЭЭНЭ",https://mse.mn/news/9533,LEND,бусад,
2022-08-11,"“ЛЭНДМН ББСБ” ХК 2022 ОНЫ ЭХНИЙ ХАГАС ЖИЛИЙН ҮЙЛ АЖИЛЛАГАА, САНХҮҮГИЙН ТАЙЛАНГАА ТАНИЛЦУУЛЛАА",https://mse.mn/news/9929,LEND,бусад,
2023-02-10,"""ЛЭНДМН ББСБ"" ХК НОГДОЛ АШИГ ТАРААХААР БОЛЛОО",https://mse.mn/news/10546,LEND,ногдол ашиг,
2023-08-15,“ЛЭНДМН ББСБ” ХК 2023 ОНЫ ЭХНИЙ ХАГАС ЖИЛИЙН ҮЙЛ АЖИЛЛАГААНЫ ТАЙЛАНГАА ТАНИЛЦУУЛЛАА,https://mse.mn/news/11223,LEND,бусад,
2023-09-04,"""ЛЭНД БОНД"" ӨРИЙН ХЭРЭГСЛИЙН АНХДАГЧ ЗАХ ЗЭЭЛИЙН ЗАХИАЛГЫГ НЭЭХ ЦАН ЦОХИХ ЁСЛОЛ БОЛЛОО",https://mse.mn/news/11300,LEND,бусад,
2023-09-08,"""ЛЭНД БОНД"" ӨРИЙН ХЭРЭГСЛИЙН ХОЁРДОГЧ ЗАХ ЗЭЭЛИЙН АРИЛЖАА ЭХЭЛЛЭЭ",https://mse.mn/news/11326,LEND,бусад,
2024-02-06,“ЛЭНДМН ББСБ” ХК ЖИЛИЙН ЭЦСИЙН ЦЭВЭР АШГААС НОГДОЛ АШИГ ХУВААРИЛНА,https://mse.mn/news/11814,LEND,ногдол ашиг,
2024-08-02,БҮРТГЭЛТЭЙ КОМПАНИУД ХАГАС ЖИЛИЙН ТАЙЛАНГАА ОЛОН НИЙТЭД НЭЭЛТТЭЙ ТАНИЛЦУУЛНА,https://mse.mn/news/12472,LEND,бусад,
2025-02-07,“ЛЭНДМН ББСБ” ХК 2024 ОНЫ ЦЭВЭР АШГААС НОГДОЛ АШИГ ХУВААРИЛНА,https://mse.mn/news/13089,LEND,ногдол ашиг,
2025-07-08,"БИРЖИД БҮРТГЭЛТЭЙ 28 КОМПАНИ БАЙГАЛЬ ОРЧИН, НИЙГЭМ, ЗАСАГЛАЛ (БОНЗ), ТОГТВОРТОЙ БАЙДЛЫН ТАЙЛАГНАЛАА ОЛОН НИЙТЭД МЭДЭЭЛСЭН БАЙНА",https://mse.mn/news/13628,LEND,бусад,
2026-02-09,"""ЛЭНДМН ББСБ"" ХК 2025 ОНЫ ЦЭВЭР АШГААС НОГДОЛ АШИГ ХУВААРИЛНА",https://mse.mn/news/14247,LEND,ногдол ашиг,
2022-02-11,МХБ 2021 ОНД 3.2 ТЭРБУМ ТӨГРӨГИЙН ЦЭВЭР АШИГТАЙ АЖИЛЛАЛАА,https://mse.mn/news/9339,MSE,бусад,
2022-06-23,"АНХДАГЧ ЗАХ ЗЭЭЛД ХУВЬЦАА, ХӨРӨНГӨ ОРУУЛАЛТЫН САНГИЙН НЭГЖ ЭРХ ГАРГАГЧИЙН ТӨЛӨХ АРИЛЖААНЫ ШИМТГЭЛИЙГ ТЭГЛЭЛЭЭ",https://mse.mn/news/9760,MSE,бусад,
2022-06-27,“ҮНЭТ ЦААС ГАРГАГЧААС ОЛОН НИЙТЭД ХҮРГЭХ МЭДЭЭЛЛИЙН ЖУРАМ” БАТЛАГДЛАА,https://mse.mn/news/9778,MSE,бусад,
2022-06-29,"“МОНГОЛЫН ХӨРӨНГИЙН БИРЖ” ТӨХК-ИЙН 34 ХУВИЙГ ОЛОН НИЙТЭД САНАЛ БОЛГОЖ, НЭЭЛТТЭЙ ХУВЬЦААТ КОМПАНИЙН ХЭЛБЭРТ ШИЛЖҮҮЛНЭ",https://mse.mn/news/9786,MSE,бусад,
2022-07-07,МХБ-ИЙН ГҮЙЦЭТГЭХ ЗАХИРАЛ Х.АЛТАЙ КИРГИЗИЙН ХӨРӨНГИЙН БИРЖИЙН ТУЗ-ИЙН ГИШҮҮН ЭЛЕБАЕВ НУРБЕК БЕККУЛОВИЧТОЙ УУЛЗЛАА,https://mse.mn/news/9817,MSE,бусад,
2022-07-08,МОНГОЛЫН ХӨРӨНГИЙН БИРЖИЙН ҮНЭТ ЦААСНЫ АРИЛЖАА 7 ДУГААР САРЫН 18-НЫ ӨДРӨӨС ЭХЭЛНЭ,https://mse.mn/news/9829,MSE,бусад,
2022-07-18,БУДАПЕШТИЙН ХӨРӨНГИЙН БИРЖИЙН УДИРДАХ ЗӨВЛӨЛИЙН ДАРГА МИХАЛИ ПАТАЙ МХБ-ИЙН ҮЙЛ АЖИЛЛАГААТАЙ ТАНИЛЦЛАА,https://mse.mn/news/9840,MSE,бусад,
2022-07-29,МОНГОЛЫН ХӨРӨНГИЙН БИРЖ 2021 ОНЫ ҮЙЛ АЖИЛЛАГААНЫ ТАЙЛАНГАА ТАНИЛЦУУЛЛАА,https://mse.mn/news/9871,MSE,бусад,
2022-08-09,ТЕНДЕРИЙН УРИЛГА,https://mse.mn/news/9916,MSE,бусад,
2022-08-11,“МОНГОЛЫН ХӨРӨНГИЙН БИРЖ” ТӨХК-ИЙН 2022 ОНЫ ЭХНИЙ ХАГАС ЖИЛИЙН ТОЙМ,https://mse.mn/news/9927,MSE,бусад,
2022-08-19,"БҮРТГЭЛТЭЙ КОМПАНИУДАД ЗОРИУЛСАН ""БАЙГАЛЬ ОРЧИН, НИЙГЭМ, ЗАСАГЛАЛ, ТОГТВОРТОЙ БАЙДЛЫН ТАЙЛАГНАЛЫН УДИРДАМЖ"" ХЭВЛЭГДЭН ГАРЛАА",https://mse.mn/news/9967,MSE,бусад,
2022-08-30,МОНГОЛЫН ХӨРӨНГИЙН БИРЖ СИНГАПУРЫН ХАМТЫН АЖИЛЛАГААНЫ БАЙГУУЛЛАГАТАЙ ХАМТРАН АЖИЛЛАНА,https://mse.mn/news/10005,MSE,бусад,
2022-10-11,"""МОНГОЛЫН ХӨРӨНГИЙН БИРЖ"" ТӨХК НЬ 2021 ОНЫ ЦЭВЭР АШГИЙН ДҮНГЭЭС 500.0 САЯ ТӨГРӨГИЙН НОГДОЛ АШГИЙГ УЛСЫН ТӨСӨВТ ТӨЛЖ, ТӨВЛӨРҮҮЛЛЭЭ",https://mse.mn/news/10159,MSE,бусад,
2022-12-14,СЗХ-НООС “МХБ” ТӨХК-ИЙН ОЛОН НИЙТЭД САНАЛ БОЛГОЖ БУЙ  ҮНЭТ ЦААСЫГ БҮРТГЭЛЭЭ,https://mse.mn/news/10350,MSE,бусад,
2023-03-22,“МОНГОЛЫН ХӨРӨНГИЙН БИРЖ” ТӨХК-ИЙН ХУВЬЦАА ЭЗЭМШИГЧДИЙН АНХААРАЛД,https://mse.mn/news/10734,MSE,бусад,
2023-04-06,“МОНГОЛЫН ХӨРӨНГИЙН БИРЖ” ТӨХК-ИЙН ХУВЬЦАА ЭЗЭМШИГЧДИЙН АНХААРАЛД,https://mse.mn/news/10787,MSE,бусад,
2023-04-07,“МОНГОЛЫН ХӨРӨНГИЙН БИРЖ” ТӨХК-ИЙН ХУВЬЦАА ЭЗЭМШИГЧДИЙН ЭЭЛЖИТ ХУРАЛ ЦАХИМ БОЛОН ТАНХИМААР ЗОХИОН БАЙГУУЛАГДАНА,https://mse.mn/news/10788,MSE,хувьцаа эзэмшигчдийн хурал,
2023-04-28,"""МОНГОЛЫН ХӨРӨНГИЙН БИРЖ"" ХК-ИЙН ХУВЬЦАА ЭЗЭМШИГЧДИЙН ЭЭЛЖИТ ХУРАЛ АМЖИЛТТАЙ ЗОХИОН БАЙГУУЛАГДЛАА",https://mse.mn/news/10859,MSE,хувьцаа эзэмшигчдийн хурал,
2023-05-09,"""МОНГОЛЫН ХӨРӨНГИЙН БИРЖ"" ТӨХК ОЛОН НИЙТЭЭС ТАТАН ТӨВЛӨРҮҮЛСЭН ХӨРӨНГИЙН ЗАРЦУУЛАЛТЫН ТАЙЛАНГАА ТАНИЛЦУУЛЖ БАЙНА",https://mse.mn/news/10902,MSE,бусад,
2023-06-30,"""МОНГОЛЫН ХӨРӨНГИЙН БИРЖ"" ХК-ИЙН ХУВЬЦАА ЭЗЭМШИГЧДИЙН ЭЭЛЖИТ БУС ХУРАЛ ЗОХИОН БАЙГУУЛАГДЛАА",https://mse.mn/news/11070,MSE,хувьцаа эзэмшигчдийн хурал,
2023-07-07,"Д.ТОГТОХБАЯР ""МОНГОЛЫН ХӨРӨНГИЙН БИРЖ"" ХК-ИЙН ТӨЛӨӨЛӨН УДИРДАХ ЗӨВЛӨЛИЙН ДАРГААР СОНГОГДЛОО",https://mse.mn/news/11102,MSE,бусад,
2023-07-31,“МОНГОЛЫН ХӨРӨНГИЙН БИРЖ” ХК-ИЙН 2023 ОНЫ ЭХНИЙ ХАГАС ЖИЛИЙН ТОЙМ,https://mse.mn/news/11170,MSE,бусад,
2023-08-07,“МОНГОЛЫН ХӨРӨНГИЙН БИРЖ” ХК 2023 ОНЫ ЭХНИЙ ХАГАС ЖИЛИЙН ҮЙЛ АЖИЛЛАГААНЫ ТАЙЛАНГАА ТАНИЛЦУУЛЛАА,https://mse.mn/news/11191,MSE,бусад,
2023-08-16,ШАНХАЙН ХӨРӨНГИЙН БИРЖТЭЙ ЦАХИМ УУЛЗАЛТ ХИЙЛЭЭ,https://mse.mn/news/11233,MSE,бусад,
2023-09-20,МОНГОЛЫН ХӨРӨНГИЙН БИРЖ АРИЛЖААНЫ СИСТЕМИЙН ДЭД БҮТЦИЙН ШИНЭЧЛЭЛИЙГ АМЖИЛТТАЙ НЭВТРҮҮЛЛЭЭ,https://mse.mn/news/11361,MSE,бусад,
2024-01-12,“МОНГОЛЫН ХӨРӨНГИЙН БИРЖ” ХК НЭГ ЖИЛИЙН ХУГАЦААНД 15.1 САЯ ТОНН НҮҮРСИЙГ 7.4 ИХ НАЯД ТӨГРӨГӨӨР АРИЛЖЛАА,https://mse.mn/news/11721,MSE,бусад,
2024-01-15,МОНГОЛЫН ХӨРӨНГИЙН БИРЖИЙН ТОП 20 ИНДЕКСИЙН БАГЦ ШИНЭЧЛЭГДЛЭЭ,https://mse.mn/news/11730,MSE,бусад,
2024-01-31,"""МОНГОЛЫН ХӨРӨНГИЙН БИРЖ"" ХК ОЛОН НИЙТЭЭС ТАТАН ТӨВЛӨРҮҮЛСЭН ХӨРӨНГИЙН ЗАРЦУУЛАЛТЫН ТАЙЛАНГАА ТАНИЛЦУУЛЖ БАЙНА",https://mse.mn/news/11794,MSE,бусад,
2024-02-08,ГҮЙЦЭТГЭХ ЗАХИРЛЫН ҮҮРГИЙГ ТҮР ОРЛОН ГҮЙЦЭТГЭГЧ ХЯНАЛТЫН ЗӨВЛӨЛИЙН ГИШҮҮДТЭЙ УУЛЗАЛТ ХИЙЛЭЭ,https://mse.mn/news/11824,MSE,бусад,
2024-02-16,“МОНГОЛЫН ХӨРӨНГИЙН БИРЖ” ХК НОГДОЛ АШИГ ХУВААРИЛНА,https://mse.mn/news/11870,MSE,ногдол ашиг,
2024-03-18,“МОНГОЛЫН ХӨРӨНГИЙН БИРЖ” ХК-ИЙН НОГДОЛ АШИГ ХУВААРИЛАХ ӨДӨР ӨӨРЧЛӨГДЛӨӨ,https://mse.mn/news/12019,MSE,ногдол ашиг,
2024-03-20,"""МОНГОЛЫН ХӨРӨНГИЙН БИРЖ"" ХК-ИЙН ХУВЬЦАА ЭЗЭМШИГЧДИЙН ЭЭЛЖИТ ХУРЛЫН ЗАР",https://mse.mn/news/12027,MSE,хувьцаа эзэмшигчдийн хурал,
2024-04-04,"""МОНГОЛЫН ХӨРӨНГИЙН БИРЖ"" ХК-ИЙН ХУВЬЦАА ЭЗЭМШИГЧДИЙН ЭЭЛЖИТ ХУРЛЫН ЗАР",https://mse.mn/news/12089,MSE,хувьцаа эзэмшигчдийн хурал,
2024-04-25,“МОНГОЛЫН ХӨРӨНГИЙН БИРЖ” ХК ХУВЬЦАА ЭЗЭМШИГЧДЭДЭЭ 2023 ОНЫ НОГДОЛ АШГИЙГ ХУВААРИЛЛАА,https://mse.mn/news/12178,MSE,бусад,
2024-07-30,“МОНГОЛЫН ХӨРӨНГИЙН БИРЖ” ХК-ИЙН 2024 ОНЫ ЭХНИЙ ХАГАС ЖИЛИЙН ТОЙМ,https://mse.mn/news/12463,MSE,бусад,
2025-01-27,"""МОНГОЛЫН ХӨРӨНГИЙН БИРЖ"" ХК ОЛОН НИЙТЭЭС ТАТАН ТӨВЛӨРҮҮЛСЭН ХӨРӨНГИЙН ЗАРЦУУЛАЛТЫН ТАЙЛАНГАА ТАНИЛЦУУЛЖ БАЙНА",https://mse.mn/news/13053,MSE,бусад,
2025-02-17,“МОНГОЛЫН ХӨРӨНГИЙН БИРЖ” ХК НОГДОЛ АШИГ ХУВААРИЛНА,https://mse.mn/news/13148,MSE,ногдол ашиг,
2025-03-16,"""МОНГОЛЫН ХӨРӨНГИЙН БИРЖ"" ХК-ИЙН ХУВЬЦАА ЭЗЭМШИГЧДИЙН ЭЭЛЖИТ ХУРЛЫН ЗАР",https://mse.mn/news/13281,MSE,хувьцаа эзэмшигчдийн хурал,
2025-04-18,“МОНГОЛЫН ХӨРӨНГИЙН БИРЖ” ХК ХУВЬЦАА ЭЗЭМШИГЧДЭДЭЭ НОГДОЛ АШИГ ХУВААРИЛЛАА,https://mse.mn/news/13397,MSE,ногдол ашиг,
2025-07-08,"БИРЖИД БҮРТГЭЛТЭЙ 28 КОМПАНИ БАЙГАЛЬ ОРЧИН, НИЙГЭМ, ЗАСАГЛАЛ (БОНЗ), ТОГТВОРТОЙ БАЙДЛЫН ТАЙЛАГНАЛАА ОЛОН НИЙТЭД МЭДЭЭЛСЭН БАЙНА",https://mse.mn/news/13628,MSE,бусад,
2025-07-22,“МОНГОЛЫН ХӨРӨНГИЙН БИРЖ” ХК-ИЙН ОЛОН НИЙТЭЭС ТАТАН ТӨВЛӨРҮҮЛСЭН ХӨРӨНГИЙН ЗАРЦУУЛАЛТЫН ТАЙЛАН,https://mse.mn/news/13650,MSE,бусад,
2025-10-17,“МОНГОЛЫН ХӨРӨНГИЙН БИРЖ” ХК-ИЙН ОЛОН НИЙТЭЭС ТАТАН ТӨВЛӨРҮҮЛСЭН ХӨРӨНГИЙН ЗАРЦУУЛАЛТЫН ТАЙЛАНГ ТАНИЛЦУУЛЖ БАЙНА,https://mse.mn/news/13932,MSE,бусад,
2026-02-12,"""МОНГОЛЫН ХӨРӨНГИЙН БИРЖ"" ХК 2025 ОНЫ ЦЭВЭР АШГААС НОГДОЛ АШИГ ХУВААРИЛНА",https://mse.mn/news/14268,MSE,ногдол ашиг,
2026-02-13,"DIVIDEND DECLARATION BY ""MONGOLIAN STOCK EXCHANGE"" JSC",https://mse.mn/news/14272,MSE,бусад,
2026-02-16,"""МОНГОЛЫН ХӨРӨНГИЙН БИРЖ"" ХК НЬ 2026 ОНЫ 2 ДУГААР САРЫН 17-20-НЫ ӨДРҮҮДЭД АМАРНА",https://mse.mn/news/14285,MSE,бусад,
2026-02-16,"""МОНГОЛЫН ХӨРӨНГИЙН БИРЖ"" ХК-ИЙН ТӨЛӨӨЛӨЛ ТӨРИЙН ШАГНАЛААР ШАГНАГДЛАА",https://mse.mn/news/14289,MSE,бусад,
2026-02-16,"АРИЛЖААНД ОРОЛЦОГЧ, ХАРИЛЦАГЧДЫН АНХААРАЛД",https://mse.mn/news/14298,MSE,бусад,
2026-02-16,МЭНДЧИЛГЭЭ,https://mse.mn/news/14297,MSE,бусад,
2026-02-25,НИЙСЛЭЛИЙН ЕРӨНХИЙ БОЛОВСРОЛЫН 24-Р СУРГУУЛИЙН АХЛАХ АНГИЙН СУРАГЧИД БИРЖИД ЗОЧИЛЛОО,https://mse.mn/news/14356,MSE,бусад,
2026-02-25,ҮНЭТ ЦААСНЫ ЗАХ ЗЭЭЛИЙН АНХАН ШАТНЫ МЭДЛЭГ ОЛГОХ СУРГАЛТЫН 3 ДУГААР САРЫН БҮРТГЭЛ ЭХЭЛЛЭЭ,https://mse.mn/news/14355,MSE,бусад,
2026-03-02,"""МОНГОЛЫН ХӨРӨНГИЙН БИРЖ"" ХК ДАРААХ АЖЛЫН БАЙРУУДАД НЭЭЛТТЭЙ СОНГОН ШАЛГАРУУЛАЛТ ЗАРЛАЛАА",https://mse.mn/news/14378,MSE,бусад,
2026-03-02,“МОНГОЛЫН ХӨРӨНГИЙН БИРЖ” ХК-ИЙН ТӨЛӨӨЛӨН УДИРДАХ ЗӨВЛӨЛИЙН ЕРДИЙН ГИШҮҮНИЙ НЭЭЛТТЭЙ СОНГОН ШАЛГАРУУЛАЛТЫН ЗАР,https://mse.mn/news/14381,MSE,бусад,
2026-03-02,“МОНГОЛЫН ХӨРӨНГИЙН БИРЖ” ХК-ИЙН ТӨЛӨӨЛӨН УДИРДАХ ЗӨВЛӨЛИЙН ХАРААТ БУС ГИШҮҮНИЙ СОНГОН ШАЛГАРУУЛАЛТЫН ЗАР,https://mse.mn/news/14380,MSE,бусад,
2026-03-03,"БАЙГУУЛЛАГАД ГАЛ ТОГОО, ЦАЙНЫ БУЛАН ТОХИЖУУЛАХ КОМПАНИТАЙ ХАМТРАН АЖИЛЛАХ САНАЛ",https://mse.mn/news/14386,MSE,бусад,
2026-03-03,"БАЙГУУЛЛАГЫН ХУРЛЫН ӨРӨӨНИЙ ШИРЭЭ, САНДАЛ НИЙЛҮҮЛЭХ КОМПАНИТАЙ ХАМТРАН АЖИЛЛАХ САНАЛ",https://mse.mn/news/14391,MSE,бусад,
2026-03-03,"БАРИЛГЫН ГАДНА ФАСАДЫН ГЭРЭЛ, ГЭРЭЛТҮҮЛЭГ ХИЙХ КОМПАНИТАЙ ХАМТРАН АЖИЛЛАХ САНАЛ",https://mse.mn/news/14385,MSE,бусад,
2026-03-03,ӨРГӨХ МЕХАНИЗМЫН ШИЙДЭЛ ГАРГАН АЖИЛ ГҮЙЦЭТГЭХ КОМПАНИТАЙ ХАМТРАН АЖИЛЛАХ САНАЛ,https://mse.mn/news/14384,MSE,бусад,
2026-03-23,"""МОНГОЛЫН ХӨРӨНГИЙН БИРЖ"" ХК-ИЙН ХУВЬЦАА ЭЗЭМШИГЧДИЙН ЭЭЛЖИТ ХУРЛЫН ЗАР",https://mse.mn/news/14444,MSE,хувьцаа эзэмшигчдийн хурал,
2026-04-22,“МОНГОЛЫН ХӨРӨНГИЙН БИРЖ” ХК ХУВЬЦАА ЭЗЭМШИГЧДЭДЭЭ 2025 ОНЫ НОГДОЛ АШГИЙГ ХУВААРИЛЛАА,https://mse.mn/news/14532,MSE,бусад,
2026-06-11,"""МОНГОЛЫН ХӨРӨНГИЙН БИРЖ"" ХК-ИЙН ХУВЬЦАА ЭЗЭМШИГЧДИЙН ЭЭЛЖИТ БУС  ХУРЛЫН ЗАР",https://mse.mn/news/14684,MSE,хувьцаа эзэмшигчдийн хурал,
2026-06-12,"""МОНГОЛЫН ХӨРӨНГИЙН БИРЖ"" ХК ""ТЭНГЭР КАПИТАЛ ҮЦК"" ХХК-ИЙГ ЗАХ ЗЭЭЛ ҮҮСГЭГЧЭЭР БҮРТГЭН, ГЭРЭЭ БАЙГУУЛЛАА",https://mse.mn/news/14688,MSE,бусад,
2026-06-18,"БИРЖИЙН УДИРДЛАГА ХӨРӨНГИЙН ЗАХ ЗЭЭЛИЙН ХӨГЖИЛ, ХАМТЫН АЖИЛЛАГААГ ӨРГӨЖҮҮЛЭХ ЧИГЛЭЛЭЭР ЛЮКСЕМБУРГИЙН  ИХ ГҮНТ УЛСАД АЖИЛЛАЛАА",https://mse.mn/news/14705,MSE,бусад,
2026-07-20,ҮНЭТ ЦААСНЫ АРИЛЖААНЫ ХАГАС ЖИЛИЙН ТАЙЛАН,https://mse.mn/news/14804,MSE,бусад,
2026-08-28,МЭНДЧИЛГЭЭ,https://mse.mn/news/14943,MSE,бусад,
2026-08-28,"“МОЛИБДЕНЫ БАЯЖМАЛЫН АРИЛЖААНЫ ГЭРЭЭНИЙ СТАНДАРТ ТОГТООХ, МӨРДҮҮЛЭХ ЖУРАМ”-ЫГ ШИНЭЭР БАТАЛЖ, УУБ-НИЙ АРИЛЖААНЫ ХОЛБОГДОХ ЖУРМУУДАД НЭМЭЛТ ӨӨРЧЛӨЛТ ОРУУЛЛАА",https://mse.mn/news/14944,MSE,бусад,
2026-09-02,"ХӨРӨНГИЙН ЗАХ ЗЭЭЛИЙН ҮНЭЛГЭЭ, ТОП-20 ИНДЕКСИЙН ТҮҮХЭН ДЭЭД ХЭМЖЭЭ ШИНЭЧЛЭГДЛЭЭ",https://mse.mn/news/14958,MSE,бусад,
2026-09-03,СҮХБААТАРЫН ТАЛБАЙД “1072 ХУВЬЦАА” НЭЭЛТТЭЙ ӨДӨРЛӨГ ЭХЭЛЛЭЭ,https://mse.mn/news/14965,MSE,бусад,
2026-09-17,ЛОНДОНГИЙН ХӨРӨНГИЙН БИРЖТЭЙ ХАМТРАН “МОНГОЛЫН ХӨРӨНГИЙН ЗАХ ЗЭЭЛ 2.0” ХӨТӨЛБӨРИЙГ ЗАРЛАЛАА,https://mse.mn/news/15042,MSE,бусад,
2026-09-18,МОНГОЛЫН ХӨРӨНГИЙН БИРЖ ЛОНДОН ХОТОД ЗОХИОН БАЙГУУЛАГДСАН МОНГОЛЫН ХӨРӨНГӨ ОРУУЛАЛТЫН ФОРУМД ОРОЛЦЛОО,https://mse.mn/news/15049,MSE,бусад,
2026-09-18,ҮНЭТ ЦААСНЫ ЗАХ ЗЭЭЛИЙН АНХАН ШАТНЫ МЭДЛЭГ ОЛГОХ ТАНХИМЫН СУРГАЛТ ЗОХИОН БАЙГУУЛЛАА,https://mse.mn/news/15057,MSE,бусад,
2026-09-24,"“ТИ ДИ БИ СЕКЬЮРИТИС ҮЦК” ХХК-ИЙГ ЗАХ ЗЭЭЛ ҮҮСГЭГЧЭЭР БҮРТГЭЖ, ГЭРЭЭ БАЙГУУЛЛАА",https://mse.mn/news/15081,MSE,бусад,
2024-02-19,“ИННОВЭЙШН ИНВЕСТМЕНТ” ХК 2023 ОНЫ ЦЭВЭР АШГААС НОГДОЛ АШИГ ХУВААРИЛНА,https://mse.mn/news/11884,QPAY,ногдол ашиг,
2024-12-05,“ИННОВЭЙШН ИНВЕСТМЕНТ” ХК 2024 ОНЫ ХАГАС ЖИЛИЙН ЦЭВЭР АШГААС НОГДОЛ АШИГ ХУВААРИЛНА,https://mse.mn/news/12903,QPAY,ногдол ашиг,
2025-02-10,“ИННОВЭЙШН ИНВЕСТМЕНТ” ХК 2024 ОНЫ ХОЁРДУГААР ХАГАС ЖИЛИЙН ЦЭВЭР АШГААС НОГДОЛ АШИГ ХУВААРИЛНА,https://mse.mn/news/13102,QPAY,ногдол ашиг,
2025-04-17,“ИННОВЭЙШИ ИНВЕСТМЕНТ” ХК-ИЙН ОЛОН НИЙТЭЭС ТАТАН ТӨВЛӨРҮҮЛСЭН ХӨРӨНГИЙН ЗАРЦУУЛАЛТЫН ТАЙЛАНГ ТАНИЛЦУУЛЖ БАЙНА,https://mse.mn/news/13395,QPAY,бусад,
2025-08-07,“ИННОВЭЙШН ИНВЕСТМЕНТ” ХК 2025 ОНЫ ХАГАС ЖИЛИЙН ҮЙЛ АЖИЛЛАГААНЫ ТАЙЛАНГАА ОЛОН НИЙТЭД НЭЭЛТТЭЙ ТАНИЛЦУУЛЛАА,https://mse.mn/news/13722,QPAY,бусад,
2025-10-21,"""ИННОВЭЙШН ИНВЕСТМЕНТ"" ХК-ИЙН ТАТАН ТӨВЛӨРҮҮЛСЭН ХӨРӨНГИЙН ЗАРЦУУЛАЛТЫН ТАЙЛАНГ ТАНИЛЦУУЛЖ БАЙНА",https://mse.mn/news/13940,QPAY,бусад,
2026-02-16,"""ИННОВЭЙШН ИНВЕСТМЕНТ"" ХК 2025 ОНЫ ҮЙЛ АЖИЛЛАГААНЫ ЦЭВЭР АШГААС НОГДОЛ АШИГ ХУВААРИЛНА",https://mse.mn/news/14292,QPAY,ногдол ашиг,
2026-07-30,“ИННОВЭЙШН ИНВЕСТМЕНТ” ХК ХУРИМТЛАГДСАН ЦЭВЭР АШГААС НОГДОЛ АШИГ ХУВААРИЛНА,https://mse.mn/news/14836,QPAY,ногдол ашиг,
2017-02-21,“СҮҮ” ХК 2016 ОНЫ ЖИЛИЙН ЭЦСИЙН ТАЙЛАНГАА ИРҮҮЛЛЭЭ,https://mse.mn/news/4042,SUU,бусад,
2017-06-22,"""СҮҮ"" БОНД АРИЛЖААЛАГДАНА",https://mse.mn/news/4343,SUU,бусад,
2017-06-23,"""СҮҮ"" БОНДЫН ТАНИЛЦУУЛАХ ӨДӨРЛӨГ БОЛЖ БАЙНА",https://mse.mn/news/4345,SUU,бусад,
2017-06-27,“СҮҮ БОНД”-ЫН ЗАХИАЛГА ҮРГЭЛЖИЛЖ БАЙНА,https://mse.mn/news/4349,SUU,бусад,
2017-06-28,"“СҮҮ БОНД”-ЫН ЗАХИАЛГЫН НЭЭЛТ, ЦАН ЦОХИХ ЁСЛОЛ БОЛЛОО",https://mse.mn/news/4353,SUU,бусад,
2017-06-28,“СҮҮ БОНД”-ЫН ЗАХИАЛГЫН ХУВААРИЛАЛТЫГ ЗОХИОН БАЙГУУЛАХ ЗААВАР,https://mse.mn/news/4357,SUU,бусад,
2017-06-29,"""СҮҮ БОНД”  МОНГОЛЫН ХӨРӨНГИЙН БИРЖЭЭР АМЖИЛТТАЙ АРИЛЖИГДЛАА",https://mse.mn/news/4363,SUU,бусад,
2017-07-04,“СҮҮ БОНД”-ЫН ХОЁРДОГЧ ЗАХ ЗЭЭЛИЙН АРИЛЖААГ НЭЭЛЭЭ,https://mse.mn/news/4371,SUU,бусад,
2017-08-22,"""СҮҮ"" ХК 2017 ОНЫ ЭХНИЙ ХАГАС ЖИЛИЙН ТАЙЛАНГАА ТАНИЛЦУУЛНА",https://mse.mn/news/4508,SUU,бусад,
2017-08-24,"""СҮҮ"" ХК ХАГАС ЖИЛИЙН ҮЙЛ АЖИЛЛАГААНЫ ТАЙЛАНГАА ТАНИЛЦУУЛЛАА",https://mse.mn/news/4520,SUU,бусад,
2017-08-28,"""АПУ"" ХК БОЛОН ""ГОВЬ"" ХК 2017 ОНЫ ЭХНИЙ ХАГАС ЖИЛИЙН ТАЙЛАНГАА ТАНИЛЦУУЛНА",https://mse.mn/news/4528,SUU,бусад,
2017-08-29,"""СҮҮ” ХК НОГДОЛ АШИГ ТАРААХААР БОЛЛОО",https://mse.mn/news/4532,SUU,ногдол ашиг,
2018-03-07,"“СҮҮ"" ХК НОГДОЛ АШИГ ТАРААХААР БОЛЛОО",https://mse.mn/news/5079,SUU,ногдол ашиг,
2018-06-29,“СҮҮ БОНД”-ЫН ЭРГЭН ТӨЛӨЛТ ХИЙГДЛЭЭ,https://mse.mn/news/5425,SUU,бусад,
2018-08-07,"МОНГОЛЫН ХӨРӨНГИЙН БИРЖИЙН БҮРТГЭЛТЭЙ КОМПАНИУД 2018 ОНЫ ЭХНИЙ ХАГАС ЖИЛИЙН САНХҮҮ, ҮЙЛ АЖИЛЛАГААНЫ ТАЙЛАНГАА ТАНИЛЦУУЛНА",https://mse.mn/news/5523,SUU,бусад,
2018-08-08,"""ГОВЬ"" ХК БОЛОН ""СҮҮ"" ХК 2018 ОНЫ ЭХНИЙ ХАГАС ЖИЛИЙН ТАЙЛАНГАА ТАНИЛЦУУЛНА",https://mse.mn/news/5536,SUU,бусад,
2018-08-09,"“СҮҮ” ХК 2018 ОНЫ ЭХНИЙ ХАГАС ЖИЛИЙН САНХҮҮ, ҮЙЛ АЖИЛЛАГААНЫ ТАЙЛАНГАА ТАНИЛЦУУЛЛАА",https://mse.mn/news/5541,SUU,бусад,
2018-10-11,"""СҮҮ"" ХК-ИЙН ГҮЙЦЭТГЭХ ЗАХИРАЛ СОЛИГДЛОО",https://mse.mn/news/5745,SUU,бусад,
2018-10-16,"""СҮҮ"" ХК-ИЙН ХУВЬЦАА ЭЗЭМШИГЧДИЙН АНХААРАЛД",https://mse.mn/news/5758,SUU,бусад,
2019-08-13,"""СҮҮ"" ХК САНХҮҮ, ҮЙЛ АЖИЛЛАГААНЫ ТАЙЛАНГАА НЭЭЛТТЭЙ ТАНИЛЦУУЛЛАА",https://mse.mn/news/6628,SUU,бусад,
2019-09-12,"“СҮҮ"" ХК НОГДОЛ АШИГ ТАРААХААР БОЛЛОО",https://mse.mn/news/6730,SUU,ногдол ашиг,
2020-02-27,"“СҮҮ"" ХК НОГДОЛ АШИГ ТАРААХААР БОЛЛОО",https://mse.mn/news/7194,SUU,ногдол ашиг,
2020-04-09,"""СҮҮ"" ХК-ИЙН ХУВЬЦАА ЭЗЭМШИГЧДИЙН ХУРАЛ ЦАХИМ ХЭЛБЭРЭЭР ЯВАГДАНА",https://mse.mn/news/7335,SUU,хувьцаа эзэмшигчдийн хурал,
2020-07-01,"""СҮҮ"" ХК НЭМЖ ҮНЭТ ЦААС ГАРГАХААР БОЛЛОО",https://mse.mn/news/7555,SUU,бусад,
2020-07-31,"""СҮҮ"" ХК САНХҮҮ, ҮЙЛ АЖИЛЛАГААНЫ ТАЙЛАНГАА НЭЭЛТТЭЙ ТАНИЛЦУУЛЛАА",https://mse.mn/news/7648,SUU,бусад,
2020-11-09,“СҮҮ” ХК”-ИЙН ГҮЙЦЭТГЭХ УДИРДЛАГА ӨӨРЧЛӨГДСӨН БАЙНА,https://mse.mn/news/7956,SUU,бусад,
2020-12-24,“СҮҮ” ХК”-ИЙН ГҮЙЦЭТГЭХ УДИРДЛАГА ӨӨРЧЛӨГДСӨН БАЙНА,https://mse.mn/news/8086,SUU,бусад,
2021-01-25,МОНГОЛЫН ХӨРӨНГИЙН БИРЖИЙН ТОП 20 ИНДЕКСИЙН БАГЦ ШИНЭЧЛЭГДЛЭЭ,https://mse.mn/news/8168,SUU,бусад,
2021-02-24,“СҮҮ” ХК НОГДОЛ АШИГ ТАРААХААР БОЛЛОО,https://mse.mn/news/8308,SUU,ногдол ашиг,
2021-08-03,"""СҮҮ"" ХК 2021 ОНЫ ЭХНИЙ ХАГАС ЖИЛИЙН САНХҮҮ, ҮЙЛ АЖИЛЛАГААНЫ ТАЙЛАНГАА НЭЭЛТТЭЙ ТАНИЛЦУУЛЛАА",https://mse.mn/news/8752,SUU,бусад,
2021-08-23,"""СҮҮ"" ХК НОГДОЛ АШИГ ТАРААХААР ШИЙДВЭРЛЭЛЭЭ",https://mse.mn/news/8822,SUU,ногдол ашиг,
2021-11-12,БҮРТГЭЛТЭЙ ХУВЬЦААТ КОМПАНИУДЫН АНХААРАЛД,https://mse.mn/news/9066,SUU,бусад,
2021-12-09,"""СҮҮ"" ХК-ИЙН ХУВЬЦАА ЭЗЭМШИГЧДИЙН АНХААРАЛД",https://mse.mn/news/9166,SUU,бусад,
2021-12-10,"""СҮҮ"" ХК НЬ ""ХАМТРАН АЖИЛЛАЖ БУЙ СҮҮ БЭЛТГЭН НИЙЛҮҮЛЭГЧИД, ХАРИЛЦАГЧДЫГ ХУВЬЦААЖУУЛАХ ХӨТӨЛБӨР"" ХЭРЭГЖҮҮЛНЭ",https://mse.mn/news/9172,SUU,бусад,
2022-02-18,"""СҮҮ"" ХК НОГДОЛ АШИГ ТАРААХААР БОЛЛОО",https://mse.mn/news/9391,SUU,ногдол ашиг,
2022-08-16,"“СҮҮ” ХК 2022 ОНЫ ЭХНИЙ ХАГАС ЖИЛИЙН ҮЙЛ АЖИЛЛАГАА, САНХҮҮГИЙН ТАЙЛАНГАА ТАНИЛЦУУЛЛАА",https://mse.mn/news/9949,SUU,бусад,
2022-08-22,"""СҮҮ"" ХК НОГДОЛ АШИГ ТАРААХААР БОЛЛОО",https://mse.mn/news/9977,SUU,ногдол ашиг,
2023-02-20,"""СҮҮ"" ХК НОГДОЛ АШИГ ТАРААХААР БОЛЛОО",https://mse.mn/news/10616,SUU,ногдол ашиг,
2023-08-16,“СҮҮ” ХК ХАГАС ЖИЛИЙН ЦЭВЭР АШГААС НОГДОЛ АШИГ ХУВААРИЛНА,https://mse.mn/news/11232,SUU,ногдол ашиг,
2023-08-21,“СҮҮ” ХК 2023 ОНЫ ЭХНИЙ ХАГАС ЖИЛИЙН ҮЙЛ АЖИЛЛАГААНЫ ТАЙЛАНГАА ТАНИЛЦУУЛЛАА,https://mse.mn/news/11255,SUU,бусад,
2024-01-15,МОНГОЛЫН ХӨРӨНГИЙН БИРЖИЙН ТОП 20 ИНДЕКСИЙН БАГЦ ШИНЭЧЛЭГДЛЭЭ,https://mse.mn/news/11730,SUU,бусад,
2024-02-16,“СҮҮ” ХК 2023 ОНЫ СҮҮЛИЙН ХАГАС ЖИЛИЙН ЦЭВЭР АШГААС НОГДОЛ АШИГ ХУВААРИЛНА,https://mse.mn/news/11865,SUU,ногдол ашиг,
2024-08-02,БҮРТГЭЛТЭЙ КОМПАНИУД ХАГАС ЖИЛИЙН ТАЙЛАНГАА ОЛОН НИЙТЭД НЭЭЛТТЭЙ ТАНИЛЦУУЛНА,https://mse.mn/news/12472,SUU,бусад,
2024-08-14,“СҮҮ” ХК 2024 ОНЫ ЭХНИЙ ХАГАС ЖИЛИЙН ҮЙЛ АЖИЛЛАГААНЫ ТАЙЛАНГАА ТАНИЛЦУУЛЛАА,https://mse.mn/news/12516,SUU,бусад,
2024-08-19,“СҮҮ” ХК 2024 ОНЫ ЭХНИЙ ХАГАС ЖИЛИЙН ЦЭВЭР АШГААС НОГДОЛ АШИГ ХУВААРИЛНА,https://mse.mn/news/12537,SUU,ногдол ашиг,
2025-02-18,"""СҮҮ"" ХК 2024 ОНЫ СҮҮЛИЙН ХАГАС ЖИЛИЙН ЦЭВЭР АШГААС НОГДОЛ АШИГ ХУВААРИЛНА",https://mse.mn/news/13155,SUU,ногдол ашиг,
2025-07-08,"БИРЖИД БҮРТГЭЛТЭЙ 28 КОМПАНИ БАЙГАЛЬ ОРЧИН, НИЙГЭМ, ЗАСАГЛАЛ (БОНЗ), ТОГТВОРТОЙ БАЙДЛЫН ТАЙЛАГНАЛАА ОЛОН НИЙТЭД МЭДЭЭЛСЭН БАЙНА",https://mse.mn/news/13628,SUU,бусад,
2025-08-04,“СҮҮ” ХК 2025 ОНЫ ЭХНИЙ ХАГАС ЖИЛИЙН ҮЙЛ АЖИЛЛАГААНЫ ТАЙЛАНГАА ТАНИЛЦУУЛЛАА,https://mse.mn/news/13694,SUU,бусад,
2026-02-06,"""СҮҮ"" ХК 2025 ОНЫ ЦЭВЭР АШГААС НОГДОЛ АШИГ ХУВААРИЛНА",https://mse.mn/news/14240,SUU,ногдол ашиг,
2026-08-19,"""СҮҮ"" ХК 2026 ОНЫ ЭХНИЙ ХАГАС ЖИЛИЙН ЦЭВЭР АШГААС НОГДОЛ АШИГ ХУВААРИЛНА",https://mse.mn/news/14896,SUU,ногдол ашиг,
2017-02-20,“ТАВАН ТОЛГОЙ” ХК 2016 ОНЫ ЖИЛИЙН ЭЦСИЙН ТАЙЛАНГАА ИРҮҮЛЛЭЭ,https://mse.mn/news/4039,TTL,бусад,
2017-05-02,"""ТАВАН ТОЛГОЙ” ХК НОГДОЛ АШИГ ТАРААХААР БОЛЛОО",https://mse.mn/news/4212,TTL,ногдол ашиг,
2018-08-07,"МОНГОЛЫН ХӨРӨНГИЙН БИРЖИЙН БҮРТГЭЛТЭЙ КОМПАНИУД 2018 ОНЫ ЭХНИЙ ХАГАС ЖИЛИЙН САНХҮҮ, ҮЙЛ АЖИЛЛАГААНЫ ТАЙЛАНГАА ТАНИЛЦУУЛНА",https://mse.mn/news/5523,TTL,бусад,
2018-08-10,"“ТАВАН ТОЛГОЙ” ХК 2018 ОНЫ ЭХНИЙ ХАГАС ЖИЛИЙН САНХҮҮ, ҮЙЛ АЖИЛЛАГААНЫ ТАЙЛАНГАА ТАНИЛЦУУЛЛАА",https://mse.mn/news/5549,TTL,бусад,
2018-09-06,"""ТАВАН ТОЛГОЙ"" ХК-ААС ИРҮҮЛСЭН МЭДЭГДЭЛ",https://mse.mn/news/5650,TTL,бусад,
2019-05-03,"""ТАВАН ТОЛГОЙ"" ХК НОГДОЛ АШИГ ТАРААХААР ШИЙДВЭРЛЭЛЭЭ",https://mse.mn/news/6335,TTL,ногдол ашиг,
2019-08-16,"“ТАВАН ТОЛГОЙ” ХК 2019 ОНЫ ЭХНИЙ ХАГАС ЖИЛИЙН САНХҮҮ, ҮЙЛ АЖИЛЛАГААНЫ ТАЙЛАНГАА ТАНИЛЦУУЛЛАА",https://mse.mn/news/6647,TTL,бусад,
2019-08-20,"“ТАВАН ТОЛГОЙ” ХК 2019 ОНЫ ЭХНИЙ ХАГАС ЖИЛИЙН САНХҮҮ, ҮЙЛ АЖИЛЛАГААНЫ ТАЙЛАНГАА ТАНИЛЦУУЛЛАА",https://mse.mn/news/6656,TTL,бусад,
2020-05-05,“ТАВАНТОЛГОЙ” ХК НОГДОЛ АШИГ ТАРААХААР БОЛЛОО,https://mse.mn/news/7419,TTL,ногдол ашиг,
2020-08-17,"“ТАВАНТОЛГОЙ” ХК 2020 ОНЫ ЭХНИЙ ХАГАС ЖИЛИЙН САНХҮҮ, ҮЙЛ АЖИЛЛАГААНЫ ТАЙЛАНГАА ТАНИЛЦУУЛЛАА",https://mse.mn/news/7725,TTL,бусад,
2021-01-25,МОНГОЛЫН ХӨРӨНГИЙН БИРЖИЙН ТОП 20 ИНДЕКСИЙН БАГЦ ШИНЭЧЛЭГДЛЭЭ,https://mse.mn/news/8168,TTL,бусад,
2021-07-28,"“ТАВАНТОЛГОЙ” ХК 2021 ОНЫ ЭХНИЙ ХАГАС ЖИЛИЙН САНХҮҮ, ҮЙЛ АЖИЛЛАГААНЫ ТАЙЛАНГАА ТАНИЛЦУУЛЛАА",https://mse.mn/news/8731,TTL,бусад,
2022-02-21,"""ТАВАНТОЛГОЙ"" ХК НОГДОЛ АШИГ ТАРААХААР БОЛЛОО",https://mse.mn/news/9404,TTL,ногдол ашиг,
2022-08-15,"“ТАВАНТОЛГОЙ” ХК 2022 ОНЫ ЭХНИЙ ХАГАС ЖИЛИЙН ҮЙЛ АЖИЛЛАГАА, САНХҮҮГИЙН ТАЙЛАНГАА ТАНИЛЦУУЛЛАА",https://mse.mn/news/9941,TTL,бусад,
2023-08-02,"""ТАВАНТОЛГОЙ"" ХК 2022 ОНЫ ЖИЛИЙН ЭЦСИЙН ЦЭВЭР АШГААС НОГДОЛ АШИГ ХУВААРИЛНА",https://mse.mn/news/11176,TTL,ногдол ашиг,
2024-01-15,МОНГОЛЫН ХӨРӨНГИЙН БИРЖИЙН ТОП 20 ИНДЕКСИЙН БАГЦ ШИНЭЧЛЭГДЛЭЭ,https://mse.mn/news/11730,TTL,бусад,
2024-02-22,“ТАВАНТОЛГОЙ” ХК 2023 ОНЫ ЖИЛИЙН ЭЦСИЙН ЦЭВЭР АШГААС НОГДОЛ АШИГ ХУВААРИЛНА,https://mse.mn/news/11936,TTL,ногдол ашиг,
2024-08-02,БҮРТГЭЛТЭЙ КОМПАНИУД ХАГАС ЖИЛИЙН ТАЙЛАНГАА ОЛОН НИЙТЭД НЭЭЛТТЭЙ ТАНИЛЦУУЛНА,https://mse.mn/news/12472,TTL,бусад,
2024-08-16,“ТАВАНТОЛГОЙ” ХК 2024 ОНЫ ЭХНИЙ ХАГАС ЖИЛИЙН ҮЙЛ АЖИЛЛАГААНЫ ТАЙЛАНГАА ТАНИЛЦУУЛЛАА,https://mse.mn/news/12528,TTL,бусад,
2025-02-18,“ТАВАНТОЛГОЙ” ХК 2024 ОНЫ ТАТВАРЫН ДАРААХ ЦЭВЭР АШГААС НОГДОЛ АШИГ ХУВААРИЛНА,https://mse.mn/news/13156,TTL,ногдол ашиг,
2025-08-01,“ТАВАНТОЛГОЙ” ХК 2025 ОНЫ ЭХНИЙ ХАГАС ЖИЛИЙН ҮЙЛ АЖИЛЛАГААНЫ ТАЙЛАНГАА ОЛОН НИЙТЭД НЭЭЛТТЭЙ ТАНИЛЦУУЛЛАА,https://mse.mn/news/13687,TTL,бусад,
2026-02-13,"""ТАВАНТОЛГОЙ"" ХК 2025 ОНЫ ТАТВАРЫН ДАРААХ ЦЭВЭР АШГААС НОГДОЛ АШИГ ХУВААРИЛНА",https://mse.mn/news/14281,TTL,ногдол ашиг,
2026-09-23,“ТАВАНТОЛГОЙ” ХК-ИЙН 2026 ОНЫ 09 ДҮГЭЭР САРЫН 28-НЫ ӨДРИЙН 1/3 КОКСЖИХ НҮҮРСНИЙ АРИЛЖАА ЦУЦЛАГДЛАА,https://mse.mn/news/15070,TTL,бусад,
2019-08-09,"“ТҮМЭН ШУВУУТ” ХК 2019 ОНЫ ЭХНИЙ ХАГАС ЖИЛИЙН САНХҮҮ, ҮЙЛ АЖИЛЛАГААНЫ ТАЙЛАНГАА ТАНИЛЦУУЛЛАА",https://mse.mn/news/6619,TUM,бусад,
2019-09-02,"""ТҮМЭН ШУВУУТ"" ХК ОЛОН НИЙТЭЭС ТАТАН ТӨВЛӨРҮҮЛСЭН ХӨРӨНГИЙН ТАЙЛАН ИРҮҮЛЛЭЭ",https://mse.mn/news/6702,TUM,бусад,
2020-02-20,"“ТҮМЭН ШУВУУТ"" ХК НОГДОЛ АШИГ ТАРААХААР БОЛЛОО",https://mse.mn/news/7182,TUM,ногдол ашиг,
2020-04-08,"""ТҮМЭН ШУВУУТ"" ХК-ИЙН ХУВЬЦАА ЭЗЭМШИГЧДИЙН ХУРАЛ ЦАХИМ ХЭЛБЭРЭЭР ЯВАГДАНА",https://mse.mn/news/7330,TUM,хувьцаа эзэмшигчдийн хурал,
2020-05-21,"""ТҮМЭН ШУВУУТ"" ХК КОМПОСТ БОРДООНЫ ҮЙЛДВЭРИЙГ НЭЭЛЭЭ",https://mse.mn/news/7457,TUM,бусад,
2020-08-04,"""ТҮМЭН ШУВУУТ” ХК 2020 ОНЫ ЭХНИЙ ХАГАС ЖИЛИЙН САНХҮҮ, ҮЙЛ АЖИЛЛАГААНЫ ТАЙЛАНГАА ТАНИЛЦУУЛЛАА",https://mse.mn/news/7664,TUM,бусад,
2020-11-06,"""ТҮМЭН ШУВУУТ"" ХК ХӨРӨНГӨ ОРУУЛАГЧДАД  ҮЙЛЧЛЭХ-IR  ХӨТӨЛБӨР ХЭРЭГЖҮҮЛНЭ",https://mse.mn/news/7949,TUM,бусад,
2020-11-06,“ТҮМЭН ШУВУУТ” ХК ХУВЬЦААТАЙ ӨНДӨГ ХӨТӨЛБӨР ХЭРЭГЖҮҮЛНЭ,https://mse.mn/news/7947,TUM,бусад,
2021-01-25,МОНГОЛЫН ХӨРӨНГИЙН БИРЖИЙН ТОП 20 ИНДЕКСИЙН БАГЦ ШИНЭЧЛЭГДЛЭЭ,https://mse.mn/news/8168,TUM,бусад,
2021-02-17,“ТҮМЭН ШУВУУТ” ХК НОГДОЛ АШИГ ТАРААХААР ШИЙДВЭРЛЭЛЭЭ,https://mse.mn/news/8259,TUM,ногдол ашиг,
2022-02-01,"""ТҮМЭН ШУВУУТ” ХК НОГДОЛ АШИГ ТАРААХААР БОЛЛОО",https://mse.mn/news/9313,TUM,ногдол ашиг,
2022-08-17,"“ТҮМЭН ШУВУУТ” ХК 2022 ОНЫ ЭХНИЙ ХАГАС ЖИЛИЙН ҮЙЛ АЖИЛЛАГАА, САНХҮҮГИЙН ТАЙЛАНГАА ТАНИЛЦУУЛЛАА",https://mse.mn/news/9955,TUM,бусад,
2023-02-17,"""ТҮМЭН ШУВУУТ"" ХК НОГДОЛ АШИГ ТАРААХААР БОЛЛОО",https://mse.mn/news/10585,TUM,ногдол ашиг,
2024-01-15,МОНГОЛЫН ХӨРӨНГИЙН БИРЖИЙН ТОП 20 ИНДЕКСИЙН БАГЦ ШИНЭЧЛЭГДЛЭЭ,https://mse.mn/news/11730,TUM,бусад,
2024-02-21,“ТҮМЭН ШУВУУТ” ХК 2023 ОНЫ ЦЭВЭР АШГААС НОГДОЛ АШИГ ХУВААРИЛНА,https://mse.mn/news/11924,TUM,ногдол ашиг,
2024-08-02,БҮРТГЭЛТЭЙ КОМПАНИУД ХАГАС ЖИЛИЙН ТАЙЛАНГАА ОЛОН НИЙТЭД НЭЭЛТТЭЙ ТАНИЛЦУУЛНА,https://mse.mn/news/12472,TUM,бусад,
2024-08-06,“ТҮМЭН ШУВУУТ” ХК 2024 ОНЫ ЭХНИЙ ХАГАС ЖИЛИЙН ҮЙЛ АЖИЛЛАГААНЫ ТАЙЛАНГАА ОЛОН НИЙТЭД НЭЭЛТТЭЙ ТАНИЛЦУУЛЛАА,https://mse.mn/news/12484,TUM,бусад,
2025-07-08,"БИРЖИД БҮРТГЭЛТЭЙ 28 КОМПАНИ БАЙГАЛЬ ОРЧИН, НИЙГЭМ, ЗАСАГЛАЛ (БОНЗ), ТОГТВОРТОЙ БАЙДЛЫН ТАЙЛАГНАЛАА ОЛОН НИЙТЭД МЭДЭЭЛСЭН БАЙНА",https://mse.mn/news/13628,TUM,бусад,
2026-02-16,"""ТҮМЭН ШУВУУТ"" ХК 2025 ОНЫ ҮЙЛ АЖИЛЛАГААНЫ ЦЭВЭР АШГИЙН 30 ХУВИЙГ НОГДОЛ АШИГТ ХУВААРИЛНА",https://mse.mn/news/14286,TUM,ногдол ашиг,
2026-03-05,"""ТҮМЭН ШУВУУТ"" ХК НЬ КОМПАНИЙН ХУВЬЦААГ ЭРГҮҮЛЭН ХУДАЛДАН АВЧ ХАЛААСЛАХ ШИЙДВЭР ИРҮҮЛЛЭЭ",https://mse.mn/news/14396,TUM,бусад,
2023-07-24,"“ХАС БАНК"" ХК ОЛОН НИЙТЭЭС ТАТАН ТӨВЛӨРҮҮЛСЭН ХӨРӨНГИЙН ЗАРЦУУЛАЛТЫН ТАЙЛАНГАА ТАНИЛЦУУЛЖ БАЙНА",https://mse.mn/news/11148,XAC,бусад,
2023-08-22,ХАСБАНК ХК ХУВЬЦАА ЭЗЭМШИГЧДИЙН ЭЭЛЖИТ БУС ХУРАЛ ЗАРЛАЛАА,https://mse.mn/news/11260,XAC,хувьцаа эзэмшигчдийн хурал,
2023-12-15,"""ХАС БАНК"" ХК ХУВЬЦАА ЭЗЭМШИГЧДИЙН ЭЭЛЖИТ БУС ХУРАЛ ЗАРЛАЛАА",https://mse.mn/news/11644,XAC,хувьцаа эзэмшигчдийн хурал,
2024-02-09,"""ХАСБАНК"" ХК 2023 ЭХНИЙ ХАГАС ЖИЛИЙН ЦЭВЭР АШГААС НОГДОЛ АШИГ ХУВААРИЛЛАА",https://mse.mn/news/11831,XAC,ногдол ашиг,
2024-02-20,“ХАС БАНК” ХК 2023 ОНЫ ЦЭВЭР АШГААС НОГДОЛ АШИГ ХУВААРИЛНА,https://mse.mn/news/11909,XAC,ногдол ашиг,
2024-05-07,"""ХАСБАНК ХК-ИЙН ХУВЬЦААГ ЭРГҮҮЛЭН ХУДАЛДАЖ АВАХЫГ ШААРДАХ ЭРХИЙГ ХЭРЭГЖҮҮЛЭХЭЭР ШИЙДВЭРЛЭЛЭЭ",https://mse.mn/news/12215,XAC,бусад,
2024-07-19,"""ХАС БАНК"" ХК 2024 ОНЫ ЭХНИЙ ХАГАС ЖИЛИЙН ЦЭВЭР АШГААС НОГДОЛ АШИГ ХУВААРИЛНА",https://mse.mn/news/12436,XAC,ногдол ашиг,
2024-09-18,"""ХАСБАНК"" ХК НИЙТ ГАРГАСАН ХУВЬЦААНЫ ТОДОРХОЙ ХЭСГИЙГ ХАЛААСЛАХААР ШИЙДВЭРЛЭСЭН БАЙНА",https://mse.mn/news/12632,XAC,бусад,
2024-12-11,"""ХАСБАНК"" ХК ХУВЬЦАА ЭРГҮҮЛЭН ХУДАЛДАЖ АВАХ ХӨТӨЛБӨР ХЭРЭГЖҮҮЛЭХЭЭР ШИЙДВЭРЛЭСЭН БАЙНА",https://mse.mn/news/12918,XAC,бусад,
2025-02-19,"""ХАСБАНК"" ХК 2024 ОНЫ ЖИЛИЙН ЭЦСИЙН ЦЭВЭР АШГААС НОГДОЛ АШИГ ХУВААРИЛНА",https://mse.mn/news/13181,XAC,ногдол ашиг,
2025-03-19,"""ХАС БАНК"" ХК ""УРТ ХУГАЦААТ УРАМШУУЛЛЫН ХӨТӨЛБӨР”-ИЙН ХҮРЭЭНД АЖИЛЧДАДАА ХУВЬЦАА ЭЗЭМШҮҮЛЭХЭЭР БОЛЛОО",https://mse.mn/news/13295,XAC,бусад,
2025-04-04,"""ХАСБАНК"" ХК ХУВЬЦАА ЭРГҮҮЛЭН ХУДАЛДАЖ АВАХ ХӨТӨЛБӨР ХЭРЭГЖҮҮЛЭХЭЭР ШИЙДВЭРЛЭСЭН БАЙНА",https://mse.mn/news/13348,XAC,бусад,
2025-07-08,"БИРЖИД БҮРТГЭЛТЭЙ 28 КОМПАНИ БАЙГАЛЬ ОРЧИН, НИЙГЭМ, ЗАСАГЛАЛ (БОНЗ), ТОГТВОРТОЙ БАЙДЛЫН ТАЙЛАГНАЛАА ОЛОН НИЙТЭД МЭДЭЭЛСЭН БАЙНА",https://mse.mn/news/13628,XAC,бусад,
2025-07-25,"САНХҮҮГИЙН ЗОХИЦУУЛАХ ХОРООНООС ""ТЭНГЭР САНХҮҮГИЙН НЭГДЭЛ"" ХХК-ИЙГ ""ХАСБАНК"" ХК-Д НЭГТГЭХ ЗӨВШӨӨРӨЛ ОЛГОЛОО",https://mse.mn/news/13666,XAC,бусад,
2025-10-07,"""ХАСБАНК"" ХК 2025 ОНЫ ЭХНИЙ ХАГАС ЖИЛИЙН ЦЭВЭР АШГААС НОГДОЛ АШИГ ХУВААРИЛНА",https://mse.mn/news/13900,XAC,ногдол ашиг,
2025-10-07,"""ХАСБАНК"" ХК ХУВЬЦАА ЭРГҮҮЛЭН ХУДАЛДАЖ АВАХ ХӨТӨЛБӨР ХЭРЭГЖҮҮЛЭХЭЭР ШИЙДВЭРЛЭСЭН БАЙНА",https://mse.mn/news/13901,XAC,бусад,
2026-02-23,"""ХАСБАНК"" ХК НЬ 2025 ОНЫ СҮҮЛИЙН ХАГАС ЖИЛД НОГДОЛ АШИГ ХУВААРИЛАХ ЭСЭХИЙГ ХУВЬЦАА ЭЗЭМШИГЧДИЙН ХУРЛААР ШИЙДВЭРЛЭНЭ",https://mse.mn/news/14325,XAC,ногдол ашиг,
2026-08-21,"""ХАС БАНК"" ХК 2026 ОНЫ ЭХНИЙ ХАГАС ЖИЛИЙН ЦЭВЭР АШГААС НОГДОЛ АШИГ ХУВААРИЛНА",https://mse.mn/news/14920,XAC,ногдол ашиг,
