date,APU,CUMN,GLMT,GOV,KHAN,LEND,MSE,QPAY,SUU,TTL,TUM,XAC
2021-09-24,1404.0,,,335.31,,46.19,,,420.0,8000.0,376.37,
2021-10-01,1403.0,,,326.13,,46.33,,,417.0,7900.0,352.08,
2021-10-08,1318.0,,,307.52,,44.64,,,400.58,7875.0,351.86,
2021-10-15,1381.0,,,312.25,,43.6,,,399.0,8000.0,356.14,
2021-10-22,1398.0,,,327.73,,43.61,,,404.73,8000.0,380.38,
2021-10-29,1395.0,,,325.31,,42.5,,,404.0,7900.0,399.73,
2021-11-05,1380.0,,,326.64,,42.74,,,403.0,7495.0,375.0,
2021-11-12,1457.0,,,326.2,,41.0,,,404.5,7495.0,399.09,
2021-11-19,1490.0,211.61,,336.68,,42.18,,,404.09,7485.0,397.53,
2021-11-26,1490.0,209.96,,333.51,,42.33,,,404.9,7455.0,421.04,
2021-12-03,1543.0,207.65,,326.57,,41.0,,,404.0,7050.0,430.0,
2021-12-10,1715.0,206.46,,324.69,,40.9,,,410.0,7495.0,520.18,
2021-12-17,1801.0,207.0,,328.39,,40.63,,,624.79,7500.0,654.28,
2021-12-24,1774.0,202.04,,331.73,,40.5,,,745.66,7490.0,710.68,
2021-12-31,1804.0,207.01,,325.64,,40.31,,,591.4,7555.0,676.13,
2022-01-07,1894.0,202.05,,311.5,,39.79,,,599.8,7500.0,735.64,
2022-01-14,1740.0,199.16,,300.57,,39.29,,,597.39,7480.0,703.83,
2022-01-21,1697.0,194.8,,287.08,,39.2,,,550.23,7415.0,640.91,
2022-01-28,1733.0,192.55,,306.19,,43.38,,,595.19,7435.0,634.02,
2022-02-04,1743.0,193.51,,300.76,,43.55,,,599.49,7345.0,643.41,
2022-02-11,1738.0,193.4,,298.44,,46.46,,,594.01,7300.0,639.72,
2022-02-18,1697.0,192.98,,297.25,,43.67,,,596.34,7200.0,630.96,
2022-02-25,1603.0,180.49,,291.0,,41.02,,,550.0,7000.0,499.03,
2022-03-04,1675.0,180.21,,284.85,,41.18,,,531.14,7000.0,604.93,
2022-03-11,1608.0,179.2,,266.3,,38.04,,,530.0,6805.0,558.84,
2022-03-18,1573.0,179.0,,284.78,,38.89,,,509.04,6860.0,554.99,
2022-03-25,1590.0,179.26,,284.58,,38.0,,,519.12,6880.0,594.39,
2022-04-01,1577.0,177.0,,287.76,,38.8,,,529.52,6800.0,584.89,
2022-04-08,1551.0,177.0,,285.21,,38.94,,,569.97,7100.0,526.95,
2022-04-15,1389.0,179.69,,279.0,,37.8,,,559.5,6920.0,501.9,
2022-04-22,1365.0,212.38,,279.9,,38.24,,,530.0,7000.0,529.88,
2022-04-29,1400.0,209.35,,271.28,,39.01,,,550.0,6990.0,497.08,
2022-05-06,1377.0,203.9,,270.51,,40.46,,,561.93,6780.0,495.03,
2022-05-13,1355.0,201.34,,271.35,,38.0,,,550.0,6190.0,435.49,
2022-05-20,1365.0,200.23,,269.56,,37.48,,,560.0,6500.0,461.64,
2022-05-27,1363.0,191.93,,271.99,,37.95,,,540.82,6510.0,488.35,
2022-06-03,1367.0,197.67,,268.0,,37.57,,,523.2,6800.0,462.0,
2022-06-10,1358.0,199.83,,267.98,,37.0,,,518.09,6550.0,442.4,
2022-06-17,1225.0,199.16,,255.01,,35.12,,,521.14,6550.0,419.96,
2022-06-24,1329.0,200.41,,261.12,,34.97,,,522.42,6880.0,409.85,
2022-07-01,1334.0,199.89,,268.26,,34.96,,,517.21,6500.0,419.93,
2022-07-08,1336.0,203.1,,270.4,,35.02,,,515.0,6675.0,426.94,
2022-07-15,,,,,,,,,,,,
2022-07-22,1348.0,203.1,,271.83,,34.99,,,515.0,7095.0,423.62,
2022-07-29,1353.0,205.73,,287.99,,33.89,,,493.19,8005.0,439.41,
2022-08-05,1405.0,208.05,,278.0,,34.58,,,501.0,8425.0,433.89,
2022-08-12,1389.0,207.96,,275.03,,33.07,,,499.0,8410.0,432.51,
2022-08-19,1385.0,208.5,,278.28,,31.47,,,501.0,9090.0,418.73,
2022-08-26,1375.0,204.68,,282.56,,31.8,,,484.9,9000.0,400.72,
2022-09-02,1373.0,197.99,,290.0,,30.44,,,490.0,8510.0,400.0,
2022-09-09,1368.0,195.02,,287.58,,30.08,,,499.04,8850.0,393.44,
2022-09-16,1342.0,194.0,,286.98,,31.53,,,479.52,8575.0,379.62,
2022-09-23,1298.0,187.04,,264.94,,30.1,,,477.82,7560.0,356.69,
2022-09-30,1296.0,208.0,,264.72,,30.0,,,485.0,7850.0,362.12,
2022-10-07,1291.0,192.03,,256.0,,28.17,,,480.0,7850.0,352.83,
2022-10-14,1323.0,177.0,,260.86,,28.98,,,480.0,7675.0,323.74,
2022-10-21,1332.0,183.01,,245.2,,28.07,,,464.88,7910.0,302.73,
2022-10-28,1329.0,178.42,,251.9,,29.75,,,465.99,8255.0,306.09,
2022-11-04,1349.0,176.99,,249.0,,29.99,,,460.16,8475.0,308.37,
2022-11-11,1402.0,186.51,,250.14,,29.0,,,457.57,8345.0,323.9,
2022-11-18,1398.0,169.96,,248.0,,28.99,,,470.0,8275.0,323.31,
2022-11-25,1366.0,163.38,,244.0,,28.55,,,464.85,8185.0,311.0,
2022-12-02,1401.0,163.21,,247.99,,28.92,,,454.0,8035.0,304.98,
2022-12-09,1416.0,166.99,1305.0,249.74,,29.01,,,470.0,8215.0,318.35,
2022-12-16,1538.0,174.7,1244.0,247.09,,31.0,,,470.0,8175.0,353.03,
2022-12-23,1514.0,166.93,1191.0,248.25,,29.5,,,465.45,8050.0,343.52,
2022-12-30,1491.0,171.1,1274.0,248.32,,30.89,,,473.25,8105.0,350.46,
2023-01-06,1486.0,168.17,1214.0,247.67,,29.07,,,492.76,8185.0,363.98,
2023-01-13,1499.0,168.0,1177.0,250.0,,30.16,162.12,,502.54,8450.0,379.42,
2023-01-20,1488.0,164.15,1126.0,251.0,,32.0,164.1,,498.41,10730.0,360.07,
2023-01-27,1486.0,165.07,1275.0,249.6,,32.93,154.25,,498.98,10470.0,360.0,
2023-02-03,1422.0,161.0,1282.0,250.13,,32.86,160.85,,465.0,10500.0,374.97,
2023-02-10,1415.0,163.0,1156.0,260.32,,33.38,179.51,,479.95,10450.0,371.8,
2023-02-17,1394.0,153.0,1145.0,267.56,,35.3,175.7,,475.95,11750.0,351.04,
2023-02-24,1409.0,145.24,1152.0,269.03,,33.23,179.96,,475.56,15520.0,341.8,
2023-03-03,1399.0,161.8,1131.0,259.11,,33.8,175.53,,465.42,14720.0,350.88,
2023-03-10,1389.0,163.21,1119.0,260.84,,35.26,169.44,,464.96,15420.0,347.47,
2023-03-17,1352.0,163.11,1108.0,260.41,,35.2,156.81,,452.64,15090.0,353.37,
2023-03-24,1334.0,177.82,1088.0,249.75,,33.8,160.7,,447.55,10940.0,349.0,
2023-03-31,1295.0,169.96,1021.0,250.19,,31.0,160.35,,419.73,10530.0,342.1,
2023-04-07,1294.0,161.0,979.64,244.23,,30.99,152.45,,390.0,10510.0,342.98,
2023-04-14,1281.0,159.47,968.01,243.59,,32.93,160.5,,373.07,10550.0,324.89,
2023-04-21,1286.0,162.91,1082.0,270.0,,33.04,155.89,,423.33,12470.0,336.46,
2023-04-28,1294.0,160.1,1055.0,261.96,,32.93,159.91,,438.0,11690.0,347.61,
2023-05-05,1323.0,163.99,1019.0,294.25,1208.0,36.42,157.87,,434.9,11800.0,360.75,
2023-05-12,1316.0,170.21,1042.0,280.68,1170.0,41.22,153.38,,431.02,11700.0,355.0,
2023-05-19,1292.0,173.0,1004.0,268.0,1106.0,38.76,148.92,,423.36,10500.0,334.58,
2023-05-26,1290.0,169.0,986.88,263.0,1124.0,40.31,141.0,,392.02,10160.0,333.32,
2023-06-02,1291.0,168.45,973.93,263.99,1133.0,40.4,144.78,,409.36,10230.0,333.35,
2023-06-09,1292.0,175.79,969.8,270.13,1122.0,40.4,142.51,,427.0,10090.0,329.64,
2023-06-16,1291.0,173.13,941.87,300.02,1163.0,40.45,143.88,,403.59,11320.0,334.98,665.49
2023-06-23,1287.0,168.3,925.03,290.0,1134.0,40.9,143.93,,404.0,11420.0,332.02,620.1
2023-06-30,1277.0,167.0,909.71,295.0,1120.0,40.8,144.08,,391.21,11210.0,334.96,639.64
2023-07-07,1276.0,165.0,913.0,278.2,1126.0,40.39,135.32,,389.99,11680.0,328.87,630.0
2023-07-14,,,,,,,,,,,,
2023-07-21,1272.0,160.07,917.21,282.33,1107.0,46.95,125.7,,389.99,11270.0,319.84,609.14
2023-07-28,1259.0,157.0,920.0,283.09,1110.0,45.99,125.56,,397.28,11290.0,343.96,604.0
2023-08-04,1271.0,132.97,921.56,265.09,1100.0,47.89,119.97,,395.0,12810.0,328.05,594.42
2023-08-11,1258.0,118.87,894.72,262.88,1076.0,45.85,113.19,,389.96,12670.0,320.0,568.78
2023-08-18,1269.0,138.62,895.6,260.0,1044.0,46.06,115.82,,390.0,13000.0,334.9,560.25
2023-08-25,1256.0,123.5,845.31,262.83,1012.0,45.27,110.78,,389.98,12500.0,349.48,569.67
2023-09-01,1249.0,120.52,833.55,255.59,1050.0,46.8,110.36,,390.52,10870.0,338.4,601.9
2023-09-08,1221.0,117.0,848.02,254.94,1063.0,47.9,111.5,,385.0,11000.0,338.71,605.46
2023-09-15,1199.0,111.11,838.61,255.78,1032.0,47.33,106.99,,361.05,10940.0,329.0,589.22
2023-09-22,1187.0,109.16,821.99,258.0,1031.0,47.49,107.51,,368.84,10970.0,324.87,582.73
2023-09-29,1189.0,107.5,825.0,296.86,1107.0,48.0,108.17,,368.0,11000.0,325.14,552.39
2023-10-06,1181.0,103.98,839.02,259.66,1062.0,47.13,110.02,,358.19,11580.0,316.16,550.0
2023-10-13,1179.0,107.0,900.0,268.08,1067.0,47.53,116.8,,364.0,12000.0,323.29,587.0
2023-10-20,1158.0,126.87,900.55,264.0,1083.0,48.83,111.31,,363.0,11520.0,310.15,579.41
2023-10-27,1165.0,115.48,895.06,258.11,1088.0,48.0,110.33,,360.0,11700.0,317.07,586.99
2023-11-03,1164.0,127.9,897.73,260.09,1066.0,48.5,110.67,,364.0,11820.0,323.18,581.0
2023-11-10,1161.0,147.72,882.55,260.26,1055.0,47.8,110.7,,364.98,12910.0,320.99,577.6
2023-11-17,1155.0,129.0,875.14,258.0,1054.0,48.06,110.01,,363.4,13130.0,322.53,569.49
2023-11-24,1137.0,123.0,862.53,258.0,1086.0,52.55,115.7,,364.9,13070.0,322.95,570.43
2023-12-01,1120.0,121.1,850.0,254.48,1085.0,52.98,114.16,,364.99,13620.0,329.0,578.99
2023-12-08,1116.0,112.03,840.02,253.66,1087.0,50.38,113.15,,364.03,16540.0,323.47,567.66
2023-12-15,1111.0,137.51,839.9,255.8,1086.0,52.96,110.98,,362.06,16390.0,325.0,575.0
2023-12-22,1133.0,121.08,840.75,255.89,1087.0,52.99,112.6,239.13,355.01,15560.0,325.93,626.79
2023-12-29,1211.0,148.47,906.74,273.59,1204.0,53.96,116.97,236.56,345.71,17810.0,330.59,628.97
2024-01-05,1165.0,158.02,883.05,281.98,1114.0,56.0,131.38,229.0,364.01,18990.0,329.8,624.66
2024-01-12,1152.0,145.0,858.0,271.13,1078.0,54.18,128.9,228.0,363.0,19890.0,332.76,623.48
2024-01-19,1158.0,132.0,903.22,270.8,1101.0,55.49,127.99,223.0,353.72,20200.0,331.92,676.0
2024-01-26,1144.0,127.0,895.0,261.67,1088.0,54.62,125.37,220.0,361.56,20300.0,320.02,681.07
2024-02-02,1141.0,121.84,902.25,261.28,1076.0,56.99,126.57,211.49,360.73,21960.0,327.48,685.08
2024-02-09,1150.0,126.77,914.68,264.84,1151.0,64.25,133.0,222.11,361.02,22260.0,329.72,696.92
2024-02-16,1190.0,122.9,974.41,270.13,1200.0,65.52,140.14,212.55,380.81,26000.0,339.93,677.63
2024-02-23,1169.0,117.34,994.8,263.43,1194.0,64.18,143.69,227.0,383.33,26920.0,342.81,680.26
2024-03-01,1133.0,120.0,968.85,269.88,1183.0,60.88,173.02,225.01,366.28,26700.0,337.39,674.02
2024-03-08,1127.0,119.8,933.11,262.0,1144.0,62.51,162.56,224.58,366.99,26580.0,324.0,676.99
2024-03-15,1107.0,130.0,943.72,255.0,1094.0,64.51,160.1,225.19,365.7,27300.0,338.8,677.0
2024-03-22,1089.0,140.03,916.5,266.0,1202.0,64.97,162.28,226.99,365.0,27420.0,334.97,696.0
2024-03-29,1090.0,142.55,881.96,269.69,1200.0,71.04,165.65,229.0,335.21,28520.0,340.33,710.0
2024-04-05,1077.0,145.0,859.42,268.0,1053.0,65.4,166.05,219.41,347.09,28580.0,351.01,711.49
2024-04-12,1049.0,140.22,936.38,265.32,1051.0,70.62,196.79,224.0,349.98,20200.0,348.61,720.01
2024-04-19,1022.0,138.5,914.39,269.99,1038.0,80.99,225.92,224.11,350.0,22320.0,345.0,749.0
2024-04-26,1024.0,176.47,925.64,268.25,1080.0,96.26,244.97,223.33,349.77,24320.0,348.2,758.36
2024-05-03,1024.0,191.28,908.77,263.09,1043.0,90.04,229.9,225.0,411.94,23060.0,341.42,772.71
2024-05-10,1025.0,190.17,920.0,261.33,1037.0,91.42,222.0,250.0,397.77,23100.0,341.74,735.62
2024-05-17,1015.0,189.23,921.93,261.0,1014.0,91.99,230.8,225.01,399.07,22760.0,335.73,716.49
2024-05-24,1000.0,194.88,925.38,258.24,1014.0,93.5,239.56,244.5,400.39,22760.0,338.0,733.32
2024-05-31,999.45,195.29,919.99,259.0,1019.0,92.7,236.8,241.99,430.0,23000.0,327.92,718.27
2024-06-07,999.0,191.27,927.97,261.27,1018.0,91.8,240.89,234.93,436.97,24300.0,335.98,719.9
2024-06-14,998.0,185.0,914.86,261.15,1013.0,92.0,240.85,232.0,422.06,24140.0,333.98,716.92
2024-06-21,992.0,193.92,961.99,260.07,1011.0,100.3,296.42,221.0,405.01,24480.0,330.0,708.52
2024-06-28,983.93,193.0,952.89,262.34,1014.0,99.97,309.52,230.0,397.26,27080.0,330.78,707.18
2024-07-05,989.71,194.0,963.43,262.8,1011.0,108.41,333.39,230.0,425.77,27840.0,333.5,707.58
2024-07-12,990.54,188.36,964.24,259.05,1030.0,110.22,393.97,220.0,438.9,30720.0,333.27,711.31
2024-07-19,979.95,189.0,1064.0,262.8,1059.0,138.01,460.02,220.25,383.24,35860.0,383.46,720.0
2024-07-26,1001.0,192.0,1134.0,262.85,1080.0,144.8,476.87,221.61,409.0,33180.0,374.24,746.98
2024-08-02,1000.0,189.9,1188.0,259.5,1060.0,148.54,477.99,220.0,412.77,35000.0,374.65,718.29
2024-08-09,1012.0,197.82,1148.0,264.89,1042.0,151.05,439.13,220.59,427.0,33560.0,380.49,725.0
2024-08-16,1006.0,194.0,1125.0,263.5,1028.0,157.0,393.98,224.99,426.28,33560.0,353.47,715.15
2024-08-23,989.8,192.4,1134.0,259.8,1017.0,159.44,391.23,220.0,426.0,34460.0,369.96,720.0
2024-08-30,986.92,186.9,1135.0,255.56,1030.0,157.99,424.76,222.99,426.89,33360.0,372.13,720.0
2024-09-06,998.2,186.01,1133.0,257.68,1019.0,146.09,404.01,219.0,426.61,33580.0,369.02,720.0
2024-09-13,994.37,186.98,1118.0,256.0,1017.0,145.94,387.14,220.0,417.16,33180.0,370.0,748.83
2024-09-20,991.71,181.6,1111.0,256.0,1013.0,142.5,376.15,220.99,401.51,32680.0,363.51,760.2
2024-09-27,985.0,184.0,1079.0,258.99,1012.0,137.14,374.02,220.99,400.0,32420.0,345.94,762.52
2024-10-04,994.52,184.0,1114.0,258.99,1009.0,143.63,389.89,222.21,413.92,31760.0,350.9,760.0
2024-10-11,998.06,176.07,1085.0,256.06,1008.0,140.81,365.46,222.38,414.0,32260.0,356.5,759.0
2024-10-18,1000.0,182.0,1100.0,254.87,1014.0,151.5,364.52,213.54,411.0,33920.0,380.94,784.99
2024-10-25,1004.0,178.0,1185.0,258.0,1010.0,149.25,367.72,219.05,411.0,33980.0,387.65,765.01
2024-11-01,995.34,188.6,1156.0,259.99,1016.0,148.0,360.67,218.46,409.38,33940.0,366.92,800.0
2024-11-08,1002.0,190.0,1166.0,259.99,1026.0,149.0,370.5,218.02,411.5,34320.0,384.0,899.85
2024-11-15,974.65,187.58,1160.0,259.88,1057.0,149.79,358.6,219.0,410.06,36100.0,380.0,855.16
2024-11-22,988.72,187.36,1160.0,256.15,1084.0,148.73,355.25,216.04,418.87,34500.0,379.56,840.0
2024-11-29,987.74,184.0,1154.0,254.76,1146.0,150.31,353.9,220.0,436.0,35000.0,373.9,836.0
2024-12-06,987.65,186.0,1170.0,253.61,1161.0,152.92,351.05,228.19,430.96,35580.0,381.8,834.33
2024-12-13,999.15,187.0,1216.0,259.11,1171.0,151.15,348.35,227.97,420.01,35060.0,378.39,830.87
2024-12-20,1000.0,198.39,1243.0,256.0,1141.0,152.02,351.21,215.0,411.51,34900.0,380.03,838.0
2024-12-27,1003.0,201.9,1243.0,248.62,1140.0,154.9,356.97,215.0,433.92,34800.0,378.91,826.0
2025-01-03,999.36,207.75,1239.0,258.8,1139.0,154.0,357.6,216.0,454.35,34960.0,388.9,825.71
2025-01-10,998.94,207.07,1242.0,259.54,1147.0,154.0,388.38,217.0,468.91,33860.0,376.57,826.0
2025-01-17,999.0,209.23,1273.0,254.65,1190.0,153.25,375.08,210.13,480.0,34240.0,414.12,826.0
2025-01-24,995.8,208.0,1285.0,259.63,1200.0,155.22,373.47,214.0,500.0,34780.0,401.31,838.55
2025-01-31,999.96,207.48,1288.0,262.86,1193.0,154.02,370.51,211.99,555.4,35520.0,394.48,830.0
2025-02-07,994.01,205.17,1292.0,255.78,1215.0,158.85,389.29,210.28,585.91,35100.0,400.55,831.04
2025-02-14,997.28,202.99,1368.0,250.79,1330.0,176.23,371.81,220.09,659.43,35940.0,402.07,829.0
2025-02-21,995.13,194.54,1199.0,249.98,1293.0,174.0,381.39,213.36,697.96,35160.0,384.26,827.9
2025-02-28,993.96,206.2,1184.0,249.48,1275.0,154.88,350.69,222.77,610.0,35040.0,384.92,866.05
2025-03-07,991.5,200.42,1181.0,247.56,1308.0,154.77,329.8,213.52,599.12,35320.0,383.96,858.17
2025-03-14,990.08,196.27,1156.0,239.65,1300.0,150.39,302.05,215.05,540.0,34160.0,371.71,828.5
2025-03-21,990.12,185.9,1153.0,243.99,1300.0,146.22,282.65,214.99,544.97,33900.0,389.77,853.84
2025-03-28,974.78,187.42,1056.0,238.87,1298.0,143.38,275.35,201.01,496.4,34280.0,385.12,854.87
2025-04-04,970.57,183.75,1027.0,214.4,1090.0,145.06,241.64,211.17,499.0,29880.0,367.84,851.01
2025-04-11,913.54,185.0,1048.0,268.12,1084.0,149.12,249.38,203.73,503.27,25480.0,363.7,850.0
2025-04-18,921.88,186.86,1029.0,274.25,1073.0,148.94,231.0,192.78,590.0,26200.0,350.08,851.67
2025-04-25,928.49,191.03,1055.0,277.87,1068.0,148.25,282.61,206.84,679.36,29500.0,362.51,851.0
2025-05-02,988.67,202.36,1055.0,276.99,1067.0,149.04,300.13,204.98,645.72,28980.0,365.13,850.07
2025-05-09,978.79,185.94,1038.0,280.0,1071.0,148.0,290.6,198.72,625.53,29140.0,361.6,850.08
2025-05-16,983.45,200.46,1027.0,270.54,1073.0,148.0,284.07,200.08,609.0,29400.0,365.47,850.1
2025-05-23,989.74,198.0,1028.0,278.37,1070.0,147.06,281.15,199.99,610.0,29720.0,374.99,855.0
2025-05-30,986.69,202.06,1024.0,260.0,1061.0,144.95,267.86,199.77,579.46,29300.0,358.2,850.07
2025-06-06,983.11,200.45,1020.0,260.02,1068.0,139.78,256.42,192.41,577.44,27480.0,353.93,852.0
2025-06-13,972.58,202.29,1021.0,252.48,1061.0,142.4,274.92,191.06,580.0,25380.0,362.98,851.0
2025-06-20,968.08,202.12,1020.0,248.0,1065.0,142.5,269.85,198.06,579.0,27720.0,360.76,850.64
2025-06-27,969.76,208.0,1025.0,248.5,1066.0,140.0,267.0,197.13,682.56,26000.0,359.85,833.11
2025-07-04,971.77,202.0,1106.0,246.0,1070.0,145.93,259.97,194.32,627.0,26380.0,361.47,850.02
2025-07-11,977.26,201.02,1098.0,244.84,1111.0,149.99,268.66,196.91,628.0,26320.0,363.76,850.15
2025-07-18,979.0,201.0,1100.0,244.94,1116.0,150.97,268.01,209.99,610.15,27440.0,362.7,852.0
2025-07-25,999.6,203.0,1051.0,240.06,1127.0,151.93,260.22,200.0,621.0,27960.0,368.54,851.0
2025-08-01,999.99,201.0,1059.0,244.13,1117.0,149.5,260.38,191.36,610.0,26860.0,369.98,898.0
2025-08-08,997.84,190.72,1052.0,245.0,1122.0,147.0,264.9,188.73,581.43,27000.0,352.62,870.01
2025-08-15,982.06,192.05,1050.0,265.0,1179.0,147.0,260.21,192.0,577.14,27780.0,351.0,880.38
2025-08-22,951.69,200.0,1050.0,245.0,1177.0,147.0,264.0,190.13,571.76,28360.0,348.96,880.0
2025-08-29,954.0,198.99,1035.0,241.51,1176.0,164.86,266.85,191.36,600.0,27900.0,347.49,887.0
2025-09-05,968.78,193.9,1052.0,254.85,1180.0,160.84,280.01,196.0,597.45,28780.0,349.32,880.01
2025-09-12,987.99,193.0,1052.0,242.38,1269.0,152.94,279.59,196.82,600.0,30200.0,347.0,885.0
2025-09-19,980.38,189.0,1067.0,241.53,1256.0,152.48,279.0,200.99,565.36,30540.0,348.95,882.0
2025-09-26,980.2,189.39,1059.0,240.98,1269.0,151.99,283.05,208.98,589.03,29920.0,347.19,880.01
2025-10-03,984.03,186.0,1060.0,235.1,1289.0,151.29,285.59,204.23,579.04,30200.0,351.48,888.0
2025-10-10,992.74,189.94,1101.0,228.55,1287.0,155.42,283.45,200.54,586.0,30000.0,355.0,928.96
2025-10-17,979.34,193.91,1073.0,220.9,1286.0,159.09,283.79,205.2,598.96,29940.0,349.01,910.99
2025-10-24,955.13,199.39,1069.0,228.43,1280.0,151.21,271.94,202.35,635.0,29800.0,346.19,895.0
2025-10-31,955.46,214.79,1100.0,220.3,1291.0,156.39,277.23,217.98,624.77,29780.0,347.0,889.0
2025-11-07,958.64,231.09,1074.0,223.0,1318.0,156.98,270.17,218.99,624.85,29100.0,356.34,884.05
2025-11-14,960.0,319.93,1110.0,229.0,1339.0,168.09,293.83,222.98,626.28,30900.0,369.99,900.01
2025-11-21,959.88,318.44,1120.0,223.67,1342.0,168.58,310.25,225.0,620.04,31960.0,367.29,919.99
2025-11-28,961.96,314.78,1125.0,229.5,1351.0,168.9,323.19,225.0,625.0,31700.0,363.21,915.0
2025-12-05,962.98,315.9,1130.0,229.5,1338.0,173.8,316.17,233.89,619.57,30840.0,354.17,920.04
2025-12-12,955.81,312.15,1195.0,224.0,1334.0,176.0,306.86,234.88,619.0,31500.0,359.29,920.07
2025-12-19,981.91,315.04,1281.0,223.07,1341.0,174.0,301.44,229.0,620.32,31440.0,359.8,938.0
2025-12-26,967.48,316.9,1299.0,223.02,1358.0,170.56,303.03,233.98,614.0,31080.0,357.48,949.27
2026-01-02,989.2,316.25,1318.0,227.89,1379.0,174.97,312.17,234.97,624.26,31440.0,357.59,952.36
2026-01-09,1000.0,325.72,1319.0,227.0,1395.0,175.99,317.13,231.24,645.0,32400.0,363.54,950.0
2026-01-16,1015.0,331.51,1321.0,221.54,1434.0,174.14,312.03,236.03,625.04,31980.0,363.72,999.37
2026-01-23,1013.0,323.79,1303.0,222.01,1452.0,177.57,322.17,247.4,630.0,32460.0,364.99,999.0
2026-01-30,997.11,319.0,1281.0,224.97,1456.0,173.52,324.22,250.23,648.54,33960.0,359.03,990.0
2026-02-06,994.98,305.18,1294.0,222.22,1447.0,171.05,338.95,259.9,634.44,33780.0,350.2,978.98
2026-02-13,991.24,300.33,1292.0,224.06,1467.0,164.52,338.45,264.0,635.04,33400.0,359.93,990.0
2026-02-20,988.93,304.99,1289.0,224.0,1461.0,164.97,330.28,261.42,630.99,28940.0,359.99,989.0
2026-02-27,971.23,298.45,1286.0,221.73,1444.0,150.0,321.55,290.95,644.68,29880.0,360.4,1078.0
2026-03-06,934.96,285.0,1285.0,221.3,1446.0,148.09,314.54,280.13,620.0,29800.0,371.37,1070.0
2026-03-13,933.49,285.02,1302.0,223.0,1447.0,148.48,307.26,274.0,600.74,31160.0,365.35,1078.0
2026-03-20,922.54,265.36,1286.0,221.3,1458.0,147.04,318.25,274.9,600.0,30900.0,373.67,1080.0
2026-03-27,921.77,263.36,1289.0,223.0,1471.0,148.29,316.31,279.84,596.64,29840.0,368.96,1074.0
2026-04-03,919.98,260.0,1290.0,220.0,1223.0,149.27,318.54,282.0,581.48,29040.0,370.22,1056.0
2026-04-10,919.39,245.84,1281.0,219.74,1260.0,146.15,291.02,235.48,596.82,28720.0,347.14,1075.0
2026-04-17,915.0,249.72,1274.0,221.99,1310.0,157.0,310.79,245.16,620.0,29660.0,360.99,1065.0
2026-04-24,922.94,251.52,1270.0,219.1,1349.0,158.89,320.89,260.55,649.26,29820.0,359.99,1089.0
2026-05-01,935.83,259.98,1265.0,220.85,1349.0,158.69,320.41,268.19,659.18,30000.0,361.99,1080.0
2026-05-08,920.74,259.0,1258.0,221.1,1346.0,156.99,341.3,261.33,645.0,29760.0,360.17,1085.0
2026-05-15,920.96,254.0,1246.0,220.92,1339.0,156.11,341.82,267.98,641.57,29620.0,361.26,1088.0
2026-05-22,962.46,270.29,1210.0,223.0,1336.0,155.99,343.97,267.63,644.0,29580.0,360.7,1080.0
2026-05-29,954.1,273.0,1196.0,220.0,1385.0,156.96,349.57,269.27,640.0,29500.0,363.0,1090.0
2026-06-05,950.0,275.0,1192.0,212.19,1380.0,156.96,368.15,272.38,635.0,30000.0,361.96,1159.0
2026-06-12,930.22,270.68,1161.0,222.13,1384.0,156.95,364.82,273.1,639.48,30980.0,361.28,1170.0
2026-06-19,949.55,273.0,1159.0,223.0,1448.0,153.24,365.67,275.37,634.99,32240.0,365.98,1171.0
2026-06-26,967.62,270.0,1161.0,222.0,1451.0,155.04,368.0,273.62,631.4,32320.0,373.91,1335.0
2026-07-03,967.67,266.63,1152.0,220.0,1442.0,153.57,365.02,281.89,621.36,32240.0,370.0,1184.0
2026-07-10,967.53,263.93,1150.0,286.33,1445.0,166.55,368.7,281.09,608.0,32880.0,370.0,1121.0
2026-07-17,,,,,,,,,,,,
2026-07-24,965.24,267.59,1134.0,287.0,1463.0,159.3,369.0,278.99,605.94,35180.0,374.89,1153.0
2026-07-31,964.8,265.3,1122.0,299.0,1457.0,162.26,387.01,340.23,599.89,40320.0,374.9,1154.0
2026-08-07,965.74,267.87,1115.0,268.97,1460.0,158.51,395.52,379.4,610.0,42000.0,387.97,1172.0
2026-08-14,983.57,266.16,1100.0,265.0,1462.0,158.25,413.52,343.1,606.6,43240.0,413.32,1200.0
2026-08-21,1037.0,270.28,1107.0,273.75,1497.0,158.99,418.63,354.95,611.26,43960.0,453.0,1235.0
2026-08-28,1126.0,268.92,1146.0,264.28,1630.0,157.0,389.0,407.62,611.22,43960.0,447.23,1292.0
2026-09-04,1051.0,267.5,1251.0,270.0,1655.0,156.02,425.37,413.35,613.31,60550.0,439.82,1362.0
2026-09-11,1042.0,266.34,1252.0,266.77,1698.0,155.39,427.22,412.45,609.51,57300.0,423.23,1362.0
2026-09-18,1055.0,286.29,1253.0,267.1,1723.0,156.26,425.75,425.97,605.71,59300.0,438.23,1382.0
2026-09-25,1081.0,300.92,1265.0,271.23,1898.0,155.61,433.59,481.46,612.54,60000.0,448.64,1492.0
